"Time","Agg_gdp","Agg_pce","GS1","GS2","ebp","gz_spread","MP_jk","CBI_jk","MP_brw","MP_bs","lgdp","lpce","gdp_growth","inflation"
"1947Q1",2182.681,NA,NA,NA,NA,NA,0,0,0,0,7.68830921669201,NA,NA,NA
"1947Q2",2176.892,NA,NA,NA,NA,NA,0,0,0,0,7.68565345044952,NA,-0.00265576624248798,NA
"1947Q3",2172.432,NA,NA,NA,NA,NA,0,0,0,0,7.68360255630446,NA,-0.00205089414506343,NA
"1947Q4",2206.452,NA,NA,NA,NA,NA,0,0,0,0,7.69914107456408,NA,0.0155385182596204,NA
"1948Q1",2239.682,NA,NA,NA,NA,NA,0,0,0,0,7.71408917048549,NA,0.0149480959214117,NA
"1948Q2",2276.69,NA,NA,NA,NA,NA,0,0,0,0,7.73047791274611,NA,0.016388742260621,NA
"1948Q3",2289.77,NA,NA,NA,NA,NA,0,0,0,0,7.73620665482296,NA,0.00572874207685192,NA
"1948Q4",2292.364,NA,NA,NA,NA,NA,0,0,0,0,7.73733887848866,NA,0.00113222366570298,NA
"1949Q1",2260.807,NA,NA,NA,NA,NA,0,0,0,0,7.72347710817458,NA,-0.0138617703140795,NA
"1949Q2",2253.128,NA,NA,NA,NA,NA,0,0,0,0,7.72007475195648,NA,-0.00340235621810692,NA
"1949Q3",2276.424,NA,NA,NA,NA,NA,0,0,0,0,7.73036106963596,NA,0.010286317679487,NA
"1949Q4",2257.352,NA,NA,NA,NA,NA,0,0,0,0,7.72194772389508,NA,-0.00841334574088037,NA
"1950Q1",2346.104,NA,NA,NA,NA,NA,0,0,0,0,7.76051135900663,NA,0.0385636351115446,NA
"1950Q2",2417.682,NA,NA,NA,NA,NA,0,0,0,0,7.79056450887842,NA,0.0300531498717884,NA
"1950Q3",2511.127,NA,NA,NA,NA,NA,0,0,0,0,7.82848693533777,NA,0.0379224264593505,NA
"1950Q4",2559.214,NA,NA,NA,NA,NA,0,0,0,0,7.84745545907986,NA,0.018968523742096,NA
"1951Q1",2593.967,NA,NA,NA,NA,NA,0,0,0,0,7.86094364313009,NA,0.0134881840502228,NA
"1951Q2",2638.898,NA,NA,NA,NA,NA,0,0,0,0,7.87811668475219,NA,0.0171730416221001,NA
"1951Q3",2693.259,NA,NA,NA,NA,NA,0,0,0,0,7.89850726345627,NA,0.0203905787040837,NA
"1951Q4",2699.156,NA,NA,NA,NA,NA,0,0,0,0,7.90069441053258,NA,0.00218714707630863,NA
"1952Q1",2727.954,NA,NA,NA,NA,NA,0,0,0,0,7.9113071566511,NA,0.0106127461185173,NA
"1952Q2",2733.8,NA,NA,NA,NA,NA,0,0,0,0,7.91344786171855,NA,0.00214070506745667,NA
"1952Q3",2753.517,NA,NA,NA,NA,NA,0,0,0,0,7.92063428264389,NA,0.00718642092533806,NA
"1952Q4",2843.941,NA,NA,NA,NA,NA,0,0,0,0,7.95294604527897,NA,0.0323117626350777,NA
"1953Q1",2896.811,NA,NA,NA,NA,NA,0,0,0,0,7.97136575573779,NA,0.0184197104588186,NA
"1953Q2",2919.206,NA,2.43,NA,NA,NA,0,0,0,0,7.97906694047776,NA,0.00770118473997083,NA
"1953Q3",2902.785,NA,2.28666666666667,NA,NA,NA,0,0,0,0,7.97342589996607,NA,-0.00564104051168357,NA
"1953Q4",2858.845,NA,1.70666666666667,NA,NA,NA,0,0,0,0,7.95817297609223,NA,-0.0152529238738417,NA
"1954Q1",2845.192,NA,1.22666666666667,NA,NA,NA,0,0,0,0,7.95338583110228,NA,-0.0047871449899537,NA
"1954Q2",2848.305,NA,0.876666666666667,NA,NA,NA,0,0,0,0,7.95447935949448,NA,0.00109352839220289,NA
"1954Q3",2880.482,NA,0.916666666666667,NA,NA,NA,0,0,0,0,7.96571292023779,NA,0.0112335607433121,NA
"1954Q4",2936.852,NA,1.17333333333333,NA,NA,NA,0,0,0,0,7.98509353837291,NA,0.019380618135119,NA
"1955Q1",3020.746,NA,1.51666666666667,NA,NA,NA,0,0,0,0,8.01325909973208,NA,0.0281655613591667,NA
"1955Q2",3069.91,NA,1.85333333333333,NA,NA,NA,0,0,0,0,8.02940352419061,NA,0.0161444244585294,NA
"1955Q3",3111.379,NA,2.25,NA,NA,NA,0,0,0,0,8.04282131525697,NA,0.0134177910663613,NA
"1955Q4",3130.068,NA,2.53333333333333,NA,NA,NA,0,0,0,0,8.04881000853783,NA,0.00598869328085527,NA
"1956Q1",3117.922,NA,2.56,NA,NA,NA,0,0,0,0,8.04492203326889,NA,-0.00388797526893114,NA
"1956Q2",3143.694,NA,2.86666666666667,NA,NA,NA,0,0,0,0,8.05315382056812,NA,0.00823178729922702,NA
"1956Q3",3140.874,NA,3.07,NA,NA,NA,0,0,0,0,8.05225638412085,NA,-0.000897436447267808,NA
"1956Q4",3192.57,NA,3.46666666666667,NA,NA,NA,0,0,0,0,8.06858151405629,NA,0.0163251299354368,NA
"1957Q1",3213.011,NA,3.39,NA,NA,NA,0,0,0,0,8.07496378270166,NA,0.00638226864536584,NA
"1957Q2",3205.97,NA,3.54,NA,NA,NA,0,0,0,0,8.07276997567094,NA,-0.00219380703071259,NA
"1957Q3",3237.386,NA,3.96333333333333,NA,NA,NA,0,0,0,0,8.08252149303261,NA,0.00975151736166779,NA
"1957Q4",3203.894,NA,3.58666666666667,NA,NA,NA,0,0,0,0,8.07212222399553,NA,-0.010399269037082,NA
"1958Q1",3120.724,NA,2.16,NA,NA,NA,0,0,0,0,8.04582030516585,NA,-0.0263019188296845,NA
"1958Q2",3141.224,NA,1.35,NA,NA,NA,0,0,0,0,8.05236781186374,NA,0.00654750669789372,NA
"1958Q3",3213.884,NA,2.38666666666667,NA,NA,NA,0,0,0,0,8.07523545354905,NA,0.0228676416853073,NA
"1958Q4",3289.032,NA,3.19333333333333,NA,NA,NA,0,0,0,0,8.09834857554276,NA,0.0231131219937133,NA
"1959Q1",3352.129,15.515,3.50333333333333,NA,NA,NA,0,0,0,0,8.11735094534834,2.74180729790034,0.0190023698055786,NA
"1959Q2",3427.667,15.598,3.91666666666667,NA,NA,NA,0,0,0,0,8.13963513380896,2.74714270090831,0.0222841884606222,0.00533540300796265
"1959Q3",3430.057,15.702,4.60333333333333,NA,NA,NA,0,0,0,0,8.14033215809771,2.75378809277606,0.000697024288747627,0.00664539186775759
"1959Q4",3439.832,15.792,4.91666666666667,NA,NA,NA,0,0,0,0,8.14317791196557,2.75950348269113,0.00284575386785768,0.00571538991506193
"1960Q1",3517.181,15.842,4.57,NA,NA,NA,0,0,0,0,8.16541509546592,2.76266464104209,0.0222371835003532,0.00316115835096209
"1960Q2",3498.246,15.902,3.87,NA,NA,NA,0,0,0,0,8.16001697900631,2.76644488747929,-0.00539811645960775,0.00378024643720387
"1960Q3",3515.385,15.965,3.07333333333333,NA,NA,NA,0,0,0,0,8.16490432882994,2.77039882616675,0.00488734982363326,0.00395393868745364
"1960Q4",3470.278,16.017,2.99333333333333,NA,NA,NA,0,0,0,0,8.15198998500562,2.77365065818616,-0.0129143438243222,0.00325183201941348
"1961Q1",3493.703,16.044,2.87333333333333,NA,NA,NA,0,0,0,0,8.158717484219,2.77533494790781,0.00672749921338145,0.00168428972164758
"1961Q2",3553.021,16.097,2.93666666666667,NA,NA,NA,0,0,0,0,8.17555350650173,2.77863291922409,0.0168360222827264,0.00329797131628595
"1961Q3",3621.252,16.167,3.01333333333333,NA,NA,NA,0,0,0,0,8.19457510137889,2.78297212761947,0.0190215948771559,0.00433920839537683
"1961Q4",3692.289,16.206,3.1,NA,NA,NA,0,0,0,0,8.21400186991568,2.78538154403853,0.0194267685367908,0.00240941641906423
"1962Q1",3758.147,16.266,3.20666666666667,NA,NA,NA,0,0,0,0,8.23168129575973,2.78907703974458,0.017679425844058,0.00369549570604999
"1962Q2",3792.149,16.328,3.01666666666667,NA,NA,NA,0,0,0,0,8.2406881558519,2.79288142550754,0.00900686009216223,0.00380438576296038
"1962Q3",3838.776,16.382,3.18333333333333,NA,NA,NA,0,0,0,0,8.25290884477019,2.79618317109341,0.0122206889182959,0.00330174558586638
"1962Q4",3851.421,16.413,2.99666666666667,NA,NA,NA,0,0,0,0,8.25619745009363,2.7980737037498,0.00328860532343356,0.00189053265638828
"1963Q1",3893.482,16.467,3.02666666666667,NA,NA,NA,0,0,0,0,8.26705915191659,2.80135837823586,0.0108617018229626,0.00328467448606329
"1963Q2",3937.183,16.529,3.14333333333333,NA,NA,NA,0,0,0,0,8.27822077195644,2.80511641393522,0.0111616200398537,0.00375803569935451
"1963Q3",4023.755,16.593,3.52666666666667,NA,NA,NA,0,0,0,0,8.29997082523418,2.80898091968065,0.021750053277735,0.00386450574543451
"1963Q4",4050.147,16.673,3.73,NA,NA,NA,0,0,0,0,8.30650845573819,2.81379064457832,0.00653763050400791,0.00480972489767106
"1964Q1",4135.553,16.744,3.82666666666667,NA,NA,NA,0,0,0,0,8.32737633491249,2.8180399851437,0.0208678791743058,0.00424934056537696
"1964Q2",4180.592,16.793,3.86,NA,NA,NA,0,0,0,0,8.33820814228493,2.82096213291287,0.0108318073724405,0.00292214776917188
"1964Q3",4245.918,16.84,3.76666666666667,NA,NA,NA,0,0,0,0,8.35371332978279,2.82375700881418,0.01550518749786,0.00279487590130989
"1964Q4",4259.046,16.883,3.93,NA,NA,NA,0,0,0,0,8.35680047052232,2.82630719849506,0.00308714073952565,0.00255018968087617
"1965Q1",4362.111,16.947,4.01,NA,NA,NA,0,0,0,0,8.38071139348044,2.83009082701123,0.0239109229581267,0.00378362851617808
"1965Q2",4417.225,16.999,4.02,NA,NA,NA,0,0,0,0,8.39326694985088,2.83315451879663,0.0125555563704385,0.00306369178539789
"1965Q3",4515.427,17.052,4.08333333333333,NA,NA,NA,0,0,0,0,8.41525503502269,2.83626749890296,0.0219880851718077,0.00311298010633099
"1965Q4",4619.458,17.109,4.46333333333333,NA,NA,NA,0,0,0,0,8.43803266117641,2.83960464084251,0.0227776261537151,0.00333714193954782
"1966Q1",4731.888,17.194,4.93,NA,NA,NA,0,0,0,0,8.46207955617912,2.84456048575225,0.0240468950027122,0.00495584490974066
"1966Q2",4748.046,17.334,4.93333333333333,NA,NA,NA,0,0,0,0,8.46548844397243,2.85266989071215,0.0034088877933165,0.00810940495990087
"1966Q3",4788.254,17.477,5.51,NA,NA,NA,0,0,0,0,8.47392111456069,2.86088573078422,0.00843267058825603,0.00821584007207088
"1966Q4",4827.537,17.628,5.44,NA,NA,NA,0,0,0,0,8.48209167869588,2.86948854697974,0.00817056413518635,0.00860281619551673
"1967Q1",4870.299,17.725,4.60333333333333,NA,NA,NA,0,0,0,0,8.49091061049586,2.87497607241819,0.0088189317999845,0.00548752543845055
"1967Q2",4873.287,17.844,4.24666666666667,NA,NA,NA,0,0,0,0,8.49152393706652,2.88166731726602,0.000613326570661599,0.00669124484782735
"1967Q3",4919.392,18.006,5.12666666666667,NA,NA,NA,0,0,0,0,8.50094022461429,2.89070503568629,0.00941628754776325,0.00903771842026657
"1967Q4",4956.477,18.188,5.56333333333333,NA,NA,NA,0,0,0,0,8.50845048509096,2.90076203596276,0.00751026047666947,0.010057000276479
"1968Q1",5057.553,18.395,5.47333333333333,NA,NA,NA,0,0,0,0,8.5286380484729,2.91207888855674,0.0201875633819473,0.0113168525939735
"1968Q2",5142.033,18.609,5.94333333333333,NA,NA,NA,0,0,0,0,8.54520380554153,2.92364533465909,0.0165657570686282,0.0115664461023526
"1968Q3",5181.859,18.817,5.51,NA,NA,NA,0,0,0,0,8.55291915118027,2.93476071656251,0.00771534563874354,0.0111153819034171
"1968Q4",5202.212,19.036,5.83666666666667,NA,NA,NA,0,0,0,0,8.55683919873452,2.94633192325886,0.00392004755424225,0.0115712066963569
"1969Q1",5283.597,19.244,6.36333333333333,NA,NA,NA,0,0,0,0,8.57236239475486,2.95719932383721,0.0155231960203448,0.0108674005783431
"1969Q2",5299.625,19.474,6.57333333333333,NA,NA,NA,0,0,0,0,8.57539134232,2.96908024255656,0.00302894756513794,0.0118809187193571
"1969Q3",5334.6,19.699,7.65333333333333,NA,NA,NA,0,0,0,0,8.58196918435515,2.98056787303422,0.00657784203514922,0.0114876304776539
"1969Q4",5308.556,19.93,7.9,NA,NA,NA,0,0,0,0,8.57707513751732,2.9922261342247,-0.00489404683782624,0.011658261190485
"1970Q1",5300.652,20.147,7.55333333333333,NA,NA,NA,0,0,0,0,8.57558511084194,3.00305539393377,-0.00149002667538589,0.0108292597090687
"1970Q2",5308.164,20.375,7.45333333333333,NA,NA,NA,0,0,0,0,8.57700129173441,3.01430865912693,0.00141618089247508,0.0112532651931545
"1970Q3",5357.077,20.602,6.93666666666667,NA,NA,NA,0,0,0,0,8.58617376949429,3.0253881584615,0.00917247775988095,0.0110794993345751
"1970Q4",5299.672,20.891,5.64666666666667,NA,NA,NA,0,0,0,0,8.57540021083269,3.03931844421691,-0.0107735586615991,0.0139302857554107
"1971Q1",5443.619,21.156,4.05,NA,NA,NA,0,0,0,0,8.60219937601735,3.05192355320373,0.026799165184654,0.0126051089868211
"1971Q2",5473.059,21.397,4.99333333333333,NA,NA,NA,0,0,0,0,8.60759297127949,3.06325072528481,0.00539359526214334,0.0113271720810801
"1971Q3",5518.072,21.599,5.75,NA,NA,NA,0,0,0,0,8.61578380289798,3.07264701732212,0.00819083161848511,0.00939629203730297
"1971Q4",5531.032,21.722,4.72666666666667,NA,NA,NA,0,0,0,0,8.61812969555017,3.07832557185784,0.00234589265219398,0.00567855453572763
"1972Q1",5632.649,21.931,4.40666666666667,NA,NA,NA,0,0,0,0,8.63633512557391,3.08790116102537,0.0182054300237375,0.00957558916752399
"1972Q2",5760.47,22.079,4.84333333333333,NA,NA,NA,0,0,0,0,8.65877434758329,3.09462693052821,0.0224392220093801,0.00672576950283732
"1972Q3",5814.854,22.245,5.15333333333333,NA,NA,NA,0,0,0,0,8.66817095715691,3.10211726425801,0.00939660957362598,0.00749033372979957
"1972Q4",5912.22,22.385,5.43666666666667,NA,NA,NA,0,0,0,0,8.68477667438493,3.10839109169293,0.0166057172280141,0.00627382743492388
"1973Q1",6058.544,22.541,6.31,NA,-0.0831422340946812,1.078744174384,0,0,0,0,8.70922478616893,3.11533587319982,0.0244481117840039,0.00694478150689415
"1973Q2",6124.506,22.848,7.01666666666667,NA,-0.084965280239264,1.07172169935883,0,0,0,0,8.72005337909907,3.12886358615717,0.0108285929301388,0.0135277129573508
"1973Q3",6092.301,23.151,8.50666666666667,NA,-0.302437601517607,0.925879719052919,0,0,0,0,8.71478112185553,3.14203797614358,-0.00527225724354174,0.0131743899864016
"1973Q4",6150.131,23.474,7.41333333333333,NA,0.0563355791341205,1.30765487561403,0,0,0,0,8.72422866138671,3.15589342567793,0.00944753953118393,0.0138554495343568
"1974Q1",6097.258,23.877,7.35333333333333,NA,0.00940608112146527,1.23505807229828,0,0,0,0,8.71559444090559,3.17291565249182,-0.00863422048112739,0.0170222268138898
"1974Q2",6111.751,24.47,8.69,NA,0.316122189388415,1.48566539198554,0,0,0,0,8.71796859048768,3.19744787745458,0.00237414958209747,0.024532224962758
"1974Q3",6053.978,25.169,9.01,NA,1.06824144080813,2.35900792630186,0,0,0,0,8.70847085561404,3.22561307852087,-0.00949773487363892,0.0281652010662858
"1974Q4",6030.464,25.784,7.67333333333333,NA,1.14145264841993,2.5235152666286,0,0,0,0,8.70457923535122,3.24975414451314,-0.00389162026282186,0.0241410659922709
"1975Q1",5957.035,26.288,6.30666666666667,NA,0.467875386816013,1.75980758111395,0,0,0,0,8.69232815305208,3.26911256129491,-0.0122510822991373,0.0193584167817753
"1975Q2",5999.61,26.689,6.52666666666667,NA,0.283258484945118,1.54185193091532,0,0,0,0,8.6994497460976,3.28425149549833,0.00712159304551641,0.0151389342034212
"1975Q3",6102.326,27.089,7.52,NA,0.270998184332443,1.40266630598843,0,0,0,0,8.71642528895607,3.29912774142526,0.0169755428584661,0.01487624592693
"1975Q4",6184.53,27.53,6.68,NA,0.0850767741436468,1.31491007343652,0,0,0,0,8.72980629164007,3.31527631915452,0.0133810026840013,0.0161485777292527
"1976Q1",6323.649,27.949,5.97666666666667,NA,-0.125153351289211,1.02361515274805,0,0,0,0,8.75205169394272,3.33038142078574,0.022245402302655,0.0151051016312249
"1976Q2",6370.025,28.284,6.28,7.06,-0.0830738902146291,1.0318738923632,0,0,0,0,8.75935867320529,3.34229627374199,0.00730697926256596,0.0119148529562532
"1976Q3",6404.895,28.727,6.01333333333333,6.63333333333333,-0.157773920034521,0.916942703485965,0,0,0,0,8.76481782075384,3.35783744707259,0.0054591475485477,0.0155411733305963
"1976Q4",6451.177,29.177,5.22666666666667,5.72333333333333,-0.188377593093019,0.961944110635444,0,0,0,0,8.77201787376241,3.37338072766538,0.00720005300857274,0.01554328059279
"1977Q1",6527.703,29.668,5.42,6.02666666666667,-0.24149265287216,0.949605751165573,0,0,0,0,8.78381039928543,3.39006902387431,0.0117925255230151,0.016688296208931
"1977Q2",6654.466,30.121,5.69333333333333,6.11333333333333,-0.252322619512882,0.841544595317886,0,0,0,0,8.80304348718904,3.40522260291178,0.0192330879036167,0.0151535790374644
"1977Q3",6774.457,30.622,6.28,6.53,-0.168254946044197,0.915633171583724,0,0,0,0,8.82091449493443,3.4217187048829,0.0178710077453932,0.0164961019711276
"1977Q4",6774.592,31.067,6.96,7.14333333333333,-0.20875003329716,0.883431567420119,0,0,0,0,8.82093442253231,3.43614616257961,1.9927597870506e-05,0.0144274576967045
"1978Q1",6796.26,31.552,7.31,7.54666666666667,-0.338778977131224,0.730899501101125,0,0,0,0,8.82412773985872,3.45163697842022,0.00319331732641182,0.0154908158406171
"1978Q2",7058.92,32.096,7.78666666666667,7.99666666666667,-0.331599549135203,0.711727971116844,0,0,0,0,8.86204734428125,3.46873141177952,0.0379196044225285,0.0170944333592997
"1978Q3",7129.915,32.647,8.44666666666667,8.47666666666667,-0.363490176485535,0.61831581889089,0,0,0,0,8.87205459187865,3.48575296788679,0.0100072475974091,0.0170215561072684
"1978Q4",7225.75,33.233,9.81666666666667,9.33,-0.369314704189843,0.631116268729628,0,0,0,0,8.88540631382151,3.50354335815911,0.0133517219428576,0.0177903902723173
"1979Q1",7238.727,33.687,10.3,9.79,-0.244422755592097,0.676193997217186,0,0,0,0,8.8872006411908,3.51711200625851,0.00179432736928398,0.0135686480994006
"1979Q2",7246.454,34.427,9.93666666666667,9.59333333333333,-0.197668811460826,0.718881422241109,0,0,0,0,8.88826752475034,3.53884114024013,0.00106688355953999,0.0217291339816232
"1979Q3",7300.281,35.063,10.1533333333333,9.55333333333333,-0.213515920371891,0.677282282430094,0,0,0,0,8.89566811954633,3.55714644343079,0.00740059479598898,0.018305303190659
"1979Q4",7318.535,35.794,12.27,11.5633333333333,-0.131256527271078,0.891730484542426,0,0,0,0,8.89816545031333,3.57778028159522,0.00249733076700487,0.0206338381644233
"1980Q1",7341.557,36.67,13.9333333333333,13.2666666666667,0.0150891422614322,0.990107725039793,0,0,0,0,8.90130622445376,3.60195898208323,0.0031407741404319,0.0241787004880178
"1980Q2",7190.289,37.49,10.2833333333333,10.2266666666667,-0.054025318905122,1.23615548931884,0,0,0,0,8.88048664462219,3.62407423074782,-0.0208195798315742,0.0221152486645861
"1980Q3",7181.743,38.325,10.1366666666667,10.3766666666667,0.124771386943673,1.12222295969184,0,0,0,0,8.87929739024156,3.64610242475788,-0.00118925438062334,0.0220281940100571
"1980Q4",7315.677,39.258,13.84,13.2266666666667,0.144594855391651,1.06579293582621,0,0,0,0,8.89777485872749,3.67015524511566,0.018477468485921,0.0240528203577792
"1981Q1",7459.022,40.129,14.12,13.5833333333333,0.237404818408128,1.04879480394384,0,0,0,0,8.91717958540785,3.69209926495513,0.0194047266803601,0.0219440198394776
"1981Q2",7403.745,40.888,15.1266666666667,14.7066666666667,0.490049264702866,1.20656204862464,0,0,0,0,8.9097412322575,3.71083662146598,-0.00743835315034502,0.0187373565108437
"1981Q3",7492.405,41.641,16.32,16.03,0.414366857872257,1.16270163830486,0,0,0,0,8.92164511976442,3.72908525882824,0.0119038875069215,0.0182486373622623
"1981Q4",7410.768,42.381,13.5466666666667,13.9033333333333,0.464302772441006,1.4364005496176,0,0,0,0,8.91068935664419,3.74670014859764,-0.0109557631202328,0.0176148897693964
"1982Q1",7295.631,43.002,14.3333333333333,14.5266666666667,0.761745112780867,1.54475066033398,0,0,0,0,8.89503095481728,3.76124662623984,-0.0156584018269079,0.0145464776422002
"1982Q2",7328.912,43.583,13.7966666666667,14.15,0.807418558142461,1.6066065773928,0,0,0,0,8.89958235275866,3.77466716606412,0.00455139794138049,0.0134205398242813
"1982Q3",7300.896,44.282,11.84,12.6333333333333,0.401664304680101,1.69789397276402,0,0,0,0,8.89575235933061,3.79057827393877,-0.0038299934280559,0.0159111078746519
"1982Q4",7303.817,44.899,9.13,9.88333333333333,0.482239959412126,1.67913985768357,0,0,0,0,8.89615236719642,3.80441552278527,0.000400007865810181,0.0138372488464977
"1983Q1",7400.066,45.488,8.86,9.54333333333333,0.236274923834877,1.2382905570376,0,0,0,0,8.90924419807141,3.81744855490864,0.0130918308749912,0.013033032123376
"1983Q2",7568.456,45.836,9.18,9.74666666666667,0.00980345950521396,0.945902367808311,0,0,0,0,8.93174436261632,3.8250698085642,0.0225001645449137,0.00762125365555777
"1983Q3",7719.746,46.533,10.2966666666667,10.85,-0.119350389223808,0.906178772673667,0,0,0,0,8.95153674092315,3.84016173831072,0.0197923783068283,0.0150919297465215
"1983Q4",7880.794,46.905,9.95333333333333,10.69,0.000130738441003673,0.928565815717395,0,0,0,0,8.97218393919715,3.84812427957791,0.0206471982740037,0.00796254126719109
"1984Q1",8034.847,47.379,10.1766666666667,10.9133333333333,-0.0293748146634426,0.928786284656314,0,0,0,0,8.99154323629772,3.85817909255603,0.0193592971005696,0.0100548129781126
"1984Q2",8173.67,47.934,11.5466666666667,12.3566666666667,-0.125971292819598,0.835810108025809,0,0,0,0,9.00867329139832,3.86982506472796,0.017130055100596,0.0116459721719329
"1984Q3",8252.465,48.384,11.81,12.5033333333333,-0.0279925204704018,0.912391473510267,0,0,0,0,9.01826722257931,3.87916918055707,0.00959393118098717,0.00934411582910766
"1984Q4",8320.199,48.728,10.0166666666667,10.81,-0.138266252236833,0.946339220154424,0,0,0,0,9.02644145179845,3.88625381353418,0.00817422921914179,0.00708463297711592
"1985Q1",8400.82,49.393,9.39,10.27,-0.0951109984667698,0.9877384029672,0,0,0,0,9.0360845991146,3.89980871374857,0.00964314731614735,0.013554900214384
"1985Q2",8474.787,49.821,8.46666666666667,9.39,-0.112693454159517,1.14332472182923,0,0,0,0,9.04485079918946,3.90843658189273,0.00876620007486117,0.00862786814415806
"1985Q3",8604.22,50.333,7.99333333333333,8.89666666666667,0.0305885958868507,1.14335518128563,0,0,0,0,9.06000805956328,3.91866092560833,0.0151572603738277,0.010224343715604
"1985Q4",8668.188,50.694,7.85333333333333,8.53,0.0944853139696454,1.29763236753597,0,0,0,0,9.06741505139198,3.92580756039876,0.00740699182869164,0.0071466347904332
"1986Q1",8749.127,51.241,7.45666666666667,7.77333333333333,0.180689954868811,1.62573570668962,0,0,0,0,9.07670920294559,3.93653999284122,0.00929415155361291,0.0107324324424587
"1986Q2",8788.524,51.592,6.60666666666667,6.98333333333333,0.198406609451203,1.80184435509919,0,0,0,0,9.08120205849066,3.94336662170808,0.00449285554507561,0.00682662886685481
"1986Q3",8872.601,51.947,5.99,6.45,0.549163382550214,2.06762832177228,0,0,0,0,9.09072326794417,3.95022396804331,0.00952120945350288,0.00685734633523349
"1986Q4",8920.193,52.37,5.79666666666667,6.27666666666667,0.563742012554059,1.95756839164554,0,0,0,0,9.09607286211128,3.9583339082914,0.00534959416711622,0.00810994024808664
"1987Q1",8986.367,52.701,5.92333333333333,6.35,0.483877356949584,1.8425641692558,0,0,0,0,9.10346393010482,3.96463443069936,0.00739106799354161,0.00630052240795909
"1987Q2",9083.256,53.213,6.76666666666667,7.45,0.0145084120099928,1.67775311372194,0,0,0,0,9.11418799762557,3.97430272739859,0.0107240675207461,0.0096682966992363
"1987Q3",9162.024,53.69,7.12666666666667,7.84333333333333,0.223160541875716,1.53650563152761,0,0,0,0,9.12282239395865,3.98322676443448,0.0086343963330755,0.00892403703588629
"1987Q4",9319.332,54.235,7.24,7.98333333333333,-0.169370916665018,1.60081361399944,0,0,0,0,9.1398462312912,3.99332645649218,0.0170238373325571,0.0100996920577026
"1988Q1",9367.502,54.759,6.78,7.36,-0.038429951122887,1.57769524589387,0,0,0,-0.0569142832607114,9.14500174417196,4.00294173874876,0.00515551288075322,0.00961528225657649
"1988Q2",9490.594,55.422,7.3,7.87333333333333,0.0566571371487794,1.41885615737562,0,0,0,0.161923470575974,9.15805648184748,4.01497662683853,0.0130547376755246,0.0120348880897705
"1988Q3",9546.206,56.061,8.00333333333333,8.45666666666667,0.0413908426883098,1.37332611906262,0,0,0,0.180159335307578,9.16389907705226,4.02644038360823,0.00584259520477559,0.0114637567697002
"1988Q4",9673.405,56.687,8.52666666666667,8.70333333333333,0.307529957320853,1.50888385819201,0,0,0,0.0983172357031804,9.17713564642629,4.0375449075498,0.0132365693740351,0.0111045239415688
"1989Q1",9771.725,57.306,9.29,9.41,0.365257567901233,1.50743879412411,0,0,0,0.0483925711072631,9.1872482903525,4.04840533028066,0.0101126439262114,0.0108604227308584
"1989Q2",9846.293,57.827,8.92666666666667,8.96,0.535844979138613,1.67757378074765,0,0,0,-0.104448567757612,9.19485031815285,4.05745579463568,0.00760202780034724,0.00905046435502666
"1989Q3",9919.228,58.257,8.09666666666667,8.08,0.700246093192132,1.78017536647122,0,0,0,-0.0794356169550568,9.20223037466994,4.06486425689959,0.00738005651708917,0.00740846226391056
"1989Q4",9938.767,58.791,7.82666666666667,7.85333333333333,0.564931311080528,1.51691281322973,0,0,0,0.0509508468625566,9.2041982476909,4.07398878196503,0.00196787302096091,0.0091245250654346
"1990Q1",10047.386,59.468,8.12666666666667,8.36333333333333,0.366067803062404,1.34794644384957,0.00576871,-0.0330064,0,0.0190964076760324,9.21506778015299,4.0854383527511,0.0108695324620918,0.0114495707860778
"1990Q2",10083.855,60.132,8.27333333333333,8.57,0.146468887835045,1.19490676567408,-0.00897895,-0.00293575,0,-0.0052151710666298,9.21869090898983,4.09654214576559,0.00362312883683913,0.0111037930144828
"1990Q3",10090.569,60.74,7.82666666666667,8.1,-0.0474663801046322,1.07553602966146,-0.0487477,-0.02158702,0,0.0120674213278692,9.21935650422545,4.1066024596176,0.000665595235616934,0.0100603138520157
"1990Q4",9998.704,61.25,7.30333333333333,7.59666666666667,0.266882217050007,1.41925843729733,-0.06805697,-0.08567678,0,-0.0297674007162969,9.21021076357738,4.11496384942484,-0.00914574064807105,0.00836138980723344
"1991Q1",9951.916,61.793,6.43666666666667,7.03333333333333,0.304795895838276,1.36625801825333,-0.23301908,-0.1184763,0,-0.191149945795711,9.20552037442887,4.12379008943986,-0.00469038914850728,0.00882624001502119
"1991Q2",10029.51,62.27,6.24333333333333,6.89666666666667,0.161879481717641,1.25039255025764,-0.11502881,-0.06871537,0,-0.0935005082403253,9.21328702632293,4.13147976888436,0.00776665189406245,0.0076896794445025
"1991Q3",10080.195,62.83,5.88666666666667,6.51,0.16846530019305,1.28835673483622,-0.06445359,-0.0105001,0,0.0313460213502429,9.21832788667634,4.14043266641486,0.00504086035340556,0.00895289753049511
"1991Q4",10115.329,63.325,4.86666666666667,5.5,0.168534905632731,1.35856664814517,-0.22310608,-0.17286085,0,-0.232870144923637,9.22180727502445,4.14828019588774,0.0034793883481079,0.00784752947288325
"1992Q1",10236.435,63.809,4.35666666666667,5.28666666666667,0.0676477534904871,1.23075393131914,0.00014434,0.00442745,0,0.0331753962966759,9.23370869344587,4.15589424623262,0.0119014184214254,0.00761405034487783
"1992Q2",10347.429,64.26,4.22,5.20666666666667,0.0158968168314798,1.17753627692135,-0.15658889,-0.08996468,0,-0.153053588465918,9.24449336203858,4.16293735368771,0.0107846685927111,0.00704310745509584
"1992Q3",10449.673,64.64,3.41666666666667,4.14666666666667,0.0662945354260791,1.37173812149695,-0.04994121,-0.02133273,0,0.0640587606065081,9.25432596503733,4.16883341421284,0.00983260299874544,0.00589606052512792
"1992Q4",10558.648,65.114,3.56333333333333,4.44333333333333,0.0959121054796311,1.32931119537676,-0.00328656,-0.01282984,0,0.0663863538700335,9.26470051876064,4.17613957985722,0.0103745537233149,0.00730616564437803
"1993Q1",10576.275,65.563,3.40666666666667,4.14666666666667,0.0557281362642229,1.36598566624725,0.0084842,-0.00756831,0,-0.00250581442574879,9.2663685640227,4.18301151243821,0.00166804526206121,0.00687193258098961
"1993Q2",10637.847,66.061,3.38,3.99333333333333,0.0245418420206852,1.33240402939557,-0.0217487,-0.00208021,0,-0.0162925108820293,9.27217339279613,4.19057855760163,0.00580482877342448,0.00756704516341866
"1993Q3",10688.606,66.43,3.42333333333333,3.97333333333333,-0.00736885746444142,1.34487078988556,-0.01133087,0.01937601,0,-0.0263796904540165,9.27693359327089,4.19614876167715,0.00476020047476133,0.00557020407552322
"1993Q4",10833.987,66.772,3.52666666666667,4.08,-0.0978521322969061,1.27210269294966,-0.01442421,-0.00680664,0,-0.00763608870096403,9.29044341629097,4.20128383099314,0.0135098230200761,0.00513506931599217
"1994Q1",10939.116,67.075,3.91,4.53666666666667,-0.321415469007328,1.15310502049512,0.07164131,0.03084233,0.0805353,0.0726441944157916,9.30010026832355,4.20581139631169,0.00965685203258815,0.00452756531854615
"1994Q2",11087.361,67.526,5.13333333333333,5.81666666666667,-0.286226937368176,1.1913996719731,0.06703678,0.04821876,-0.0110494,0.0310012593741546,9.31356108989889,4.2125127088989,0.013460821575336,0.00670131258721174
"1994Q3",11152.176,67.903,5.6,6.23333333333333,-0.312959538651327,1.15006678828371,0.00315361,-0.01373281,-0.0245535,-0.0664115188130786,9.3193899147983,4.21808021621013,0.00582882489940673,0.00556750731122957
"1994Q4",11279.932,68.248,6.59666666666667,7.15666666666667,-0.235626653129685,1.20505662010318,0.02785508,-0.01283862,-0.0026363,0.00727239467343633,9.33078049666508,4.22314812960639,0.0113905818667881,0.00506791339626389
"1995Q1",11319.951,68.606,6.72666666666667,7.13333333333333,-0.244674085359773,1.21809714583627,0.06021145,0.01177477,0.041898,0.0133235332286307,9.3343220231259,4.22837999446398,0.00354152646081296,0.00523186485758398
"1995Q2",11353.721,69.013,5.97,6.15333333333333,-0.198259494839879,1.25733629282138,-0.0023723,-0.00732727,-0.0282294,-0.0351157358476419,9.33730081059099,4.23429489264822,0.00297878746508928,0.00591489818424051
"1995Q3",11450.31,69.342,5.65333333333333,5.85666666666667,-0.189329560717113,1.23615972582285,-0.06621919,-0.07151484,-0.0441281,-0.134401366232515,9.34577208285169,4.23905078322136,0.00847127226070654,0.00475589057314174
"1995Q4",11528.067,69.69,5.44333333333333,5.5,-0.0375557092220313,1.34806539289986,-0.02613597,-0.0029544,0.0067158,-0.0093165781507482,9.35253994959862,4.24405683545043,0.0067678667469302,0.00500605222906803
"1996Q1",11614.418,69.964,5.12333333333333,5.26666666666667,-0.215473263385337,1.28148809910204,-0.02594331,-0.00047647,-0.0507058,-0.0226553523300889,9.36000253632962,4.24798082404482,0.00746258673100009,0.00392398859438892
"1996Q2",11808.14,70.296,5.66333333333333,6.12,-0.259560501410912,1.2131193994579,0.02007543,-0.00274063,0.0005275,0.014739736425337,9.37654440313853,4.25271489819354,0.0165418668089075,0.0047340741487254
"1996Q3",11914.063,70.617,5.78333333333333,6.17666666666667,-0.333058508232507,1.22494994701826,-0.07439785,-0.07066832,-0.0457336,-0.0931380366205362,9.38547474607124,4.2572709087143,0.00893034293271278,0.0045560105207576
"1996Q4",12037.775,71.019,5.48,5.79666666666667,-0.303816791889578,1.25175645166827,-0.02139034,0.00153811,0.0085001,-0.0383260478350103,9.39580490112061,4.26294744687512,0.0103301550493686,0.00567653816081837
"1997Q1",12115.472,71.298,5.64666666666667,6.04333333333333,-0.405693137793429,1.20675234098475,0.07685077,-0.01276458,0.0337731,0.0369818015890818,9.40223859245869,4.26686827653594,0.00643369133807603,0.00392082966082619
"1997Q2",12317.221,71.67,5.85,6.27333333333333,-0.446341365291584,1.15593668751062,-0.06702887,-0.00981188,-0.0327223,-0.0703228012436284,9.41875364346136,4.27207225000583,0.0165150510026741,0.0052039734698841
"1997Q3",12471.01,71.837,5.54,5.90333333333333,-0.507348148127281,1.14714176953597,0.01487675,-0.03070687,0.0095523,-0.0132710377759911,9.43116202978074,4.27439966365651,0.0124083863193789,0.00232741365068634
"1997Q4",12577.495,72.065,5.48333333333333,5.73333333333333,-0.366458265773185,1.28130848778383,0.00616721,-0.04536497,-0.017599,-0.0352646167262254,9.43966438483011,4.27756848953507,0.00850235504937125,0.00316882587855183
"1998Q1",12703.742,72.277,5.31333333333333,5.44666666666667,-0.329668382912697,1.30456491545407,0.03063674,-0.00807923,-0.0338766,0.0214568909170874,9.44965187471646,4.28050595960533,0.00998748988635079,0.00293747007026202
"1998Q2",12821.339,72.498,5.41,5.55666666666667,-0.345812541725607,1.2342100787589,-0.00265142,-0.01797292,-0.0120305,-0.00787969907357016,9.45886617119839,4.28355897527323,0.00921429648192174,0.00305301566789762
"1998Q3",12982.752,72.756,5.09333333333333,5.13333333333333,-0.00385389894640313,1.80928898084865,0.04932074,-0.02424684,0.0183616,0.104934828082897,9.47137698627532,4.28711137687759,0.0125108150769364,0.00355240160436843
"1998Q4",13191.67,72.988,4.39,4.38,0.177557206156768,2.04452269279499,-0.27610305,0.03272698,-0.0392939,-0.23342490453322,9.48734084876585,4.29029504407429,0.0159638624905245,0.00318366719669427
"1999Q1",13315.597,73.171,4.66333333333333,4.85,-0.0731394103408156,1.77286076991216,-0.00793684,-0.00772747,0.0179763,-0.0276900038431766,9.49669133389329,4.29279916760588,0.00935048512744707,0.00250412353159479
"1999Q2",13426.748,73.425,4.88,5.28333333333333,-0.159069277912528,1.64749968303473,-0.01402318,0.01149215,-0.0034115,-0.00363016031313941,9.50500411574286,4.29626447708468,0.00831278184957007,0.00346530947880019
"1999Q3",13604.771,73.695,5.16,5.63,0.0165678215636957,1.90721336058949,-0.03137062,0.03869808,-0.0209921,-0.0188525288689854,9.51817581902865,4.29993495428872,0.0131717032857814,0.00367047720403768
"1999Q4",13827.98,74.042,5.60666666666667,5.94,0.0395274923021866,1.995640911134,0.12486851,0.04794755,0.0085573,0.138098968211722,9.53444935469971,4.30463249976618,0.0162735356710666,0.00469754547746248
"2000Q1",13878.147,74.43,6.18666666666667,6.52666666666667,0.207602542816561,2.18209671916013,0.01539727,-0.02897393,0.0866009,-0.0287234074804765,9.53807072370776,4.30985908637182,0.00362136900805154,0.00522658660563557
"2000Q2",14130.908,74.689,6.21666666666667,6.56333333333333,0.708495744926446,2.74920518865753,0.03423575,-0.00996985,0.0072735,0.00444046128734768,9.55611973405274,4.31333282560616,0.0180490103449795,0.00347373923434446
"2000Q3",14145.312,75.05,6.13,6.21666666666667,1.01907448835791,3.06004911179033,0.03333993,0.01446751,-0.0210846,0.00108663641179043,9.55713854075646,4.31815455807947,0.00101880670371735,0.00482173247330753
"2000Q4",14229.765,75.421,5.9,5.71333333333333,1.58824059042001,3.70978401057087,0.12013254,-0.05355767,0.0165383,0.105480196158854,9.56309117654135,4.32308575082478,0.00595263578489025,0.0049311927453104
"2001Q1",14183.12,75.912,4.59666666666667,4.58666666666667,1.15782393084257,3.30429668846659,-0.33162996,0.06966019,-0.067045,-0.105575369827128,9.55980780409221,4.32957477467146,-0.00328337244914323,0.00648902384667593
"2001Q2",14271.694,76.199,3.78,4.19,0.913929158817381,3.07256902731493,-0.41291448,-0.1558,0.0714071,-0.155431476086094,9.56603341400698,4.33334833924691,0.00622560991477172,0.00377356457545108
"2001Q3",14214.516,76.395,3.30333333333333,3.64,0.936716515019495,3.17747598297191,-0.00404332,-0.08606239,-0.0234165,0.0115383948054687,9.56201897496516,4.33591724900468,-0.00401443904181775,0.0025689097577688
"2001Q4",14253.574,76.764,2.24333333333333,2.87333333333333,0.459695326437589,3.0905024418433,-0.1880485,-0.12229368,-0.0919641,-0.0518269340718651,9.56476296126752,4.340735780256,0.00274398630235773,0.00481853125132314
"2002Q1",14372.785,77,2.32,3.20333333333333,0.550648148883138,2.83174573947781,-3.2260000000001e-05,-0.04456551,-0.0133467,0.00863778410484321,9.57309176683641,4.34380542185368,0.0083288055688957,0.00306964159768341
"2002Q2",14460.848,77.423,2.34333333333333,3.22333333333333,0.641777481504835,2.89019520772139,0.03249687,-0.05996678,-0.1119877,0.0280447439375279,9.57920013852988,4.34928389407584,0.00610837169347,0.00547847222215481
"2002Q3",14519.633,77.836,1.81333333333333,2.23,1.59952334742364,4.11891141089016,0.03804965,-0.15303679,-0.001552,-0.0642948056373595,9.58325701257726,4.35460404909591,0.00405687404737876,0.00532015502007077
"2002Q4",14537.58,78.113,1.53,1.89,1.15791040543165,3.93313851550701,0.00688305,-0.09192306,0.0367358,-0.0436647778326379,9.58449229982124,4.35815649625888,0.00123528724397381,0.00355244716296799
"2003Q1",14614.141,78.354,1.3,1.64666666666667,0.571587770501469,3.40635238844694,0.04140728,0.00904796,0.0444895,0.0767170436578552,9.58974490058709,4.36123702046633,0.00525260076584999,0.00308052420744787
"2003Q2",14743.567,78.651,1.15333333333333,1.42333333333333,-0.253852511425268,2.69135995597084,0.03048703,0.02153046,-0.0355103,0.053167299954158,9.59856213103996,4.36502034398163,0.00881723045286797,0.00378332351530108
"2003Q3",14988.782,79.011,1.22333333333333,1.68,-0.601179603911401,2.42057867895925,-0.02032692,-0.01756023,-0.0553774,-0.000343711130422829,9.6150573336259,4.36958708328029,0.0164952025859435,0.00456673929866458
"2003Q4",15162.76,79.365,1.3,1.86333333333333,-0.525959252001889,2.00966545630704,-0.01895616,-0.03431198,-0.0376634,-0.0864988015916127,9.6265977006733,4.3740574650242,0.0115403670474024,0.00447038174391334
"2004Q1",15248.68,79.802,1.22333333333333,1.69333333333333,-0.523134506983617,1.86990601459858,0.09112331,-0.02373886,0.0474566,0.0307155033373631,9.6322482209122,4.37954856679834,0.00565052023890189,0.00549110177413681
"2004Q2",15366.85,80.258,1.77666666666667,2.45333333333333,-0.511175855025011,1.81412709566038,-0.04803714,0.02678898,-0.053387,-0.0153645276388443,9.63996787083114,4.38524644551508,0.00771964991894158,0.0056978787167381
"2004Q3",15512.619,80.545,2.08,2.56,-0.432323446947939,1.77598251243227,0.03390741,0.00161316,0.0903368,0.033237312866754,9.64940910071632,4.38881603444993,0.00944122988517115,0.00356958893484904
"2004Q4",15670.88,80.982,2.46666666666667,2.81333333333333,-0.638926617080938,1.57399849247011,-0.03226005,-0.01067653,0.0156675,-0.0890254175339591,9.65955949203745,4.3942269077552,0.0101503913211332,0.00541087330527112
"2005Q1",15844.727,81.558,3.06333333333333,3.44333333333333,-0.757350310142662,1.69441453667018,0.04577809,0.00789838,0.0871194,0.0307341314305287,9.67059204256669,4.40131442358117,0.0110325505292366,0.00708751582596623
"2005Q2",15922.782,81.962,3.33666666666667,3.64333333333333,-0.38073748740367,2.05704325560955,0.01401602,0.0385898,0.0342488,0.0512840342291144,9.67550619287531,4.40625572522036,0.00491415030862363,0.00494130163919415
"2005Q3",16047.587,82.281,3.78666666666667,3.95333333333333,-0.522189153266483,1.77651044728862,-0.00136855,0.00621591,0.0509846,-0.0368653277215554,9.68331377457644,4.41014021833268,0.00780758170113138,0.00388449311232097
"2005Q4",16136.734,82.831,4.28666666666667,4.36333333333333,-0.313934990943255,1.89462348099999,-0.05443549,0.03378409,-0.0144977,-0.0445210903355579,9.68885356694852,4.41680238745773,0.00553979237207614,0.00666216912505391
"2006Q1",16353.835,83.311,4.63333333333333,4.6,-0.35465547501344,1.73907834383776,0.08815005,-0.01228723,0.0413996,0.0560996235457875,9.70221770539623,4.42258059327572,0.013364138447713,0.00577820581798427
"2006Q2",16396.151,83.975,5.02,4.99333333333333,-0.373375646608994,1.67268870659571,-0.01670169,0.02451128,-0.0039032,0.00570770530086821,9.70480189114513,4.43051913549836,0.00258418574889951,0.00793854222263679
"2006Q3",16420.738,84.427,5.09,4.93,-0.28247293809858,1.80552256478327,0.01907789,-0.04180002,-0.0182907,0.00105635171513591,9.70630032718521,4.43588725565642,0.00149843604008026,0.00536812015806287
"2006Q4",16561.866,84.791,4.98666666666667,4.73666666666667,-0.385588791112516,1.6674023551882,-0.03238482,-0.01034233,-0.0348747,-0.0523854925942747,9.71485810275063,4.44018940508998,0.00855777556541604,0.00430214943355978
"2007Q1",16611.69,85.375,5.01,4.76666666666667,-0.459954978490199,1.53973973475847,-0.12246763,0.03105967,-0.0539016,-0.0570307280154671,9.71786194336776,4.44705331789095,0.0030038406171311,0.00686391280097531
"2007Q2",16713.314,85.731,4.93333333333333,4.80666666666667,-0.419868044726166,1.5555244757607,0.04846044,0.00017755,0.0471818,0.0604707694049187,9.72396092628244,4.4512144871508,0.00609898291468092,0.00416116925985044
"2007Q3",16809.587,86.152,4.52333333333333,4.38,0.101422370167441,2.22497264580031,-0.1285137,-0.12065838,-0.0366149,-0.128872070192266,9.72970465739174,4.45611317802658,0.00574373110930715,0.0048986908757751
"2007Q4",16915.191,86.747,3.62,3.47666666666667,0.296479330498144,2.5991491455047,0.17474464,-0.08346636,-0.0149734,0.220265911569673,9.73596737290394,4.46299583609643,0.00626271551219482,0.00688265806984845
"2008Q1",16843.003,87.207,2.1,2.02333333333333,0.951498697055698,3.5245229154874,0.04887894,0.10537676,0.1037194,-0.00300285866365174,9.73169059731391,4.46828460292241,-0.00427677559003214,0.00528876682597978
"2008Q2",16943.291,87.573,2.07333333333333,2.42333333333333,0.731131978627066,3.27118312720637,-0.07816466,-0.05488018,-0.005777,-0.100881621574706,9.73762722324522,4.47247273125497,0.00593662593131583,0.00418812833256244
"2008Q3",16854.295,88.02,2.12333333333333,2.35666666666667,1.36514884951338,4.07388315289184,0.06405844,0.00548945,0.086244,0.204248101273566,9.73236079944244,4.47756406138295,-0.00526642380278375,0.00509133012797491
"2008Q4",16485.35,87.951,0.993333333333333,1.21333333333333,3.30249693880508,7.54757006545472,-0.36130226,0.0212231,-0.1320096,-0.000219994568368048,9.71022738670295,4.47677984121557,-0.0221334127394854,-0.000784220167370897
"2009Q1",16298.262,87.95,0.566666666666667,0.906666666666667,2.92737256999608,6.30109180083876,-0.13093316,0.05961154,-0.2381289,0.0251204565874506,9.69881375534305,4.47676847118357,-0.0114136313599023,-1.13700320065746e-05
"2009Q2",16269.145,88.294,0.52,1.01333333333333,1.52448978143447,4.80173654137905,0.03103242,0.02425702,0.0024907,0.113604576732303,9.69702564812542,4.48067215513132,-0.00178810721762801,0.00390368394775376
"2009Q3",16326.281,88.607,0.446666666666667,1.03333333333333,0.153335570958702,3.29109751219711,-0.06669306,-0.03543143,-0.1268866,-0.0713341316497569,9.70053141967256,4.48421086126217,0.0035057715471396,0.00353870613085228
"2009Q4",16502.754,89.159,0.35,0.873333333333333,-0.203725167959661,2.71316233500771,-0.0136524,-0.00961886,-0.0549325,0.00173064858624896,9.71128255505181,4.49042129266294,0.0107511353792447,0.0062104314007625
"2010Q1",16582.71,89.464,0.366666666666667,0.916666666666667,-0.109551703665758,2.36409863617367,-0.02120033,0.01305628,0.043776,0.0503763309077912,9.71611586527249,4.49383630972589,0.00483331022067901,0.00341501706295144
"2010Q2",16743.162,89.705,0.38,0.87,-0.106765532202704,2.47772188615716,-0.0318658,0.02892105,-0.0046888,0.0264029667568713,9.7257452150951,4.49652650887135,0.00962934982260855,0.00269019914546043
"2010Q3",16872.266,89.843,0.27,0.54,-0.014562901935575,2.60395346046647,-0.08715079,0.06356012,-0.0469885,-0.0337700595798041,9.7334264878001,4.49806370257079,0.00768127270500329,0.00153719369944572
"2010Q4",16960.864,90.127,0.256666666666667,0.483333333333333,-0.157309065039968,2.35724000931258,0.01377835,-0.02030912,-0.205827,-0.0494609434697902,9.73866385144455,4.50121978675972,0.00523736364445071,0.00315608418892577
"2011Q1",16920.632,90.523,0.273333333333333,0.693333333333333,-0.17760755565883,2.03667202660496,-0.01202445,0.01085192,-0.0022491,-0.0185217497032648,9.7362889847085,4.50560396206326,-0.0023748667360497,0.00438417530354407
"2011Q2",17035.114,91.052,0.206666666666667,0.566666666666667,-0.113361496657524,2.07617975895943,-0.02013354,0.01318271,-0.0455168,-0.0160647475229873,9.74303202217717,4.51143077188514,0.00674303746866656,0.00582680982187878
"2011Q3",17031.313,91.468,0.133333333333333,0.283333333333333,0.122184782487749,2.7277934771956,0.10191073,-0.07396538,0.1483623,0.0514370011752498,9.74280886992138,4.51598918433685,-0.000223152255784953,0.00455841245170596
"2011Q4",17222.583,91.794,0.113333333333333,0.263333333333333,0.261534102890579,2.89879193214407,0.06576784,-0.04678067,0.0166823,0.0525877069137296,9.75397676673285,4.5195469360133,0.0111678968114646,0.00355775167644889
"2012Q1",17367.01,92.373,0.156666666666667,0.286666666666667,0.00121887412101484,2.57844477220695,-0.02424017,0.01427353,-0.084731,-0.0551053123176687,9.76232770855164,4.52583472815442,0.00835094181879015,0.00628779214111841
"2012Q2",17444.525,92.755,0.186666666666667,0.29,0.0118598438347619,2.70243435642593,0.01075777,0.00556149,0.0077923,0.0238766319985892,9.76678112481796,4.52996160839034,0.00445341626632256,0.00412688023592089
"2012Q3",17469.65,93.023,0.183333333333333,0.26,-0.0828458854979209,2.52245853068747,-0.01201765,0.04053299,-0.0659478,-0.0176336388096417,9.76822036858282,4.53284677440468,0.00143924376486204,0.00288516601434718
"2012Q4",17489.852,93.435,0.173333333333333,0.27,-0.101345825976908,2.28461655243506,-0.02497113,0.02140619,-0.0742044,-0.0297864083900834,9.76937610599857,4.53726600737422,0.00115573741575048,0.00441923296953473
"2013Q1",17662.4,93.8,0.153333333333333,0.266666666666667,-0.0452813950741374,2.15082879176229,-0.00267426,0.00112744,-0.0561301,-0.039723342786494,9.77919336526409,4.54116485601218,0.00981725926551569,0.00389884863796031
"2013Q2",17709.671,94.064,0.126666666666667,0.27,-0.302785699718958,2.08954558650552,-0.00160354,0.00748907,0.0833483,-0.0184536549299876,9.78186615352922,4.5439754016599,0.00267278826513717,0.0028105456477201
"2013Q3",17860.45,94.434,0.123333333333333,0.366666666666667,-0.0758153480930915,2.05653849213265,-0.06733114,0.04802547,-0.0256099,-0.0203799261181134,9.79034405008172,4.54790117779752,0.0084778965524972,0.00392577613761969
"2013Q4",18016.147,94.841,0.123333333333333,0.326666666666667,-0.0486066997817475,1.91607192027858,-0.025765,0.02932994,-0.0136316,-0.0482818506706843,9.79902369031998,4.55220180521585,0.00867964023826318,0.00430062741832771
"2014Q1",17953.974,95.141,0.123333333333333,0.373333333333333,-0.251773222794642,1.77202566245158,0.04564208,-0.02625174,0.1090814,0.000849843207924491,9.79556676217032,4.55536000177505,-0.00345692814966014,0.0031581965592018
"2014Q2",18185.911,95.556,0.103333333333333,0.42,-0.337096283006538,1.63820299161512,-0.01580592,0.02386343,-0.0265127,0.00110761099534086,9.80840245239947,4.55971246306331,0.0128356902291493,0.00435246128825995
"2014Q3",18406.941,95.915,0.11,0.516666666666667,-0.278447038189608,1.72278775511172,-0.03424565,0.0421241,-0.0115136,0.0461054126088735,9.82048310072526,4.5634623825883,0.0120806483257816,0.00374991952499304
"2014Q4",18500.031,96.175,0.146666666666667,0.54,-0.0203380226304495,2.06336378717413,-0.0403816,0.01252862,0.0932585,0.0481651548363787,9.82552768674069,4.56616944863836,0.00504458601543334,0.00270706605005788
"2015Q1",18666.621,96.336,0.223333333333333,0.603333333333333,-0.152407277956025,2.13127812111988,-0.10407779,0.03467802,-0.0122819,0.00390595060324477,9.83449223461761,4.56784208072209,0.00896454787692491,0.00167263208373303
"2015Q2",18782.243,96.765,0.25,0.613333333333333,0.0708879853249118,2.1375378753931,-0.04607986,0.00422455,-0.1136135,-0.0306485297125714,9.84066718120015,4.57228535865231,0.00617494658253648,0.00444327793022303
"2015Q3",18857.418,97.077,0.35,0.693333333333333,0.385399119315974,2.49898655567689,-0.05560138,-0.02381693,-0.0494504,0.0101887576971197,9.84466164331584,4.57550447803234,0.00399446211569021,0.00321911938002017
"2015Q4",18892.206,97.319,0.463333333333333,0.833333333333333,0.540823928151375,2.56148816837547,0.05967781,0.00452371,0.0837985,0.1181570038238,9.84650473504295,4.57799424248234,0.00184309172710506,0.00248976445000526
"2016Q1",19001.69,97.726,0.576666666666667,0.836666666666667,0.821365768289777,2.98484337271379,-0.05050527,-0.06220132,-0.0902023,-0.0597177837328033,9.85228320156142,4.58216764442278,0.00577846651847125,0.00417340194043536
"2016Q2",19062.709,98.262,0.566666666666667,0.773333333333333,0.188574507391871,2.44911397067015,-0.02788568,-0.00421795,-0.0302078,-0.0464320638325826,9.85548929722409,4.58763738069579,0.00320609566267294,0.0054697362730094
"2016Q3",19197.938,98.689,0.556666666666667,0.726666666666667,-0.0219742881683819,2.17823238259217,-0.04495998,0.0148238,0.0351239,-0.00319711591501499,9.86255815641519,4.5919734913937,0.00706885919110434,0.00433611069791517
"2016Q4",19304.352,99.029,0.756666666666667,1.00666666666667,-0.350571925642592,1.80753783246608,0.030848,0.00959213,0.0659916,0.0466417360173683,9.8680858417014,4.59541273653211,0.00552768528621073,0.00343924513841021
"2017Q1",19398.343,99.488,0.886666666666667,1.24,-0.179280523318876,1.62426557988661,-0.05994024,-0.00751145,-0.0209868,-0.0474192470244432,9.87294292903244,4.60003703387634,0.00485708733103607,0.00462429734423253
"2017Q2",19506.949,99.821,1.12,1.29333333333333,-0.131212766267212,1.5895637947894,0.01659427,0.01635653,0.0698359,0.083062003267516,9.87852604004542,4.60337858202374,0.00558311101297804,0.0033415481473984
"2017Q3",19660.766,100.123,1.24333333333333,1.36333333333333,-0.156823712133548,1.54677209683869,0.02180796,0.00700218,0.0034169,0.0521256017813151,9.88638035530227,4.60639943015781,0.00785431525684821,0.00302084813406722
"2017Q4",19882.352,100.568,1.55333333333333,1.69666666666667,-0.176201188609019,1.43344773046035,-0.01155914,0.00753685,0.0165219,0.0263402102889981,9.89758778307166,4.61083411561253,0.0112074277693939,0.00443468545472125
"2018Q1",20044.077,101.208,1.94,2.16333333333333,-0.247112596140921,1.39605719438277,-0.01264314,0.01625278,0.0314446,0.0149636751120586,9.90568897762083,4.61717780511237,0.00810119454916958,0.00634368949983877
"2018Q2",20150.476,101.751,2.25,2.47333333333333,-0.149444329086098,1.53564050929471,0.00591946,0.00680305,-0.0080275,0.0568096941137163,9.9109831899246,4.62252865228424,0.00529421230376848,0.00535084717186951
"2018Q3",20276.154,102.076,2.46666666666667,2.67333333333333,-0.131525024477992,1.4807018520706,-0.01560038,0.01368471,-0.0082092,0.0322535592476727,9.91720079474982,4.62571763387575,0.00621760482522582,0.0031889815915136
"2018Q4",20304.874,102.552,2.67,2.8,0.168024640542445,1.81658458986988,0.0637647,-0.03640408,0.0581156,0.104570077740955,9.91861623473301,4.63036998700983,0.00141543998318383,0.00465235313408208
"2019Q1",20431.641,102.964,2.54,2.48333333333333,0.0532635440178213,1.71882978301871,-0.10455204,0.04683191,-0.076745,0.00825036335912055,9.92484000764028,4.63437941257208,0.00622377290726739,0.00400942556224404
"2019Q2",20602.275,103.399,2.25333333333333,2.12,0.00985584351012466,1.69492338114139,-0.08390396,-0.03157099,-0.0104502,-0.0599366592531959,9.93315678557317,4.63859529084768,0.00831677793289565,0.00421587827560099
"2019Q3",20843.322,103.783,1.84333333333333,1.68666666666667,-0.133107853395187,1.7222118876109,0.06997361,0.00952623,0.0945553,0.0795531046428291,9.94478888815408,4.6423021808257,0.0116321025809096,0.0037068899780186
"2019Q4",20985.448,104.147,1.57666666666667,1.59,-0.219272983392314,1.61086567986449,-0.02657577,0.03456239,0.021894,0.0812772788608778,9.95158452412213,4.64580336268338,0.00679563596805366,0.00350118185768533
"2020Q1",20709.212,104.617,1.09,1.1,0.272343398868204,2.49057444802285,0.00277641,0.00612034,0.0027958,-0.346620219802514,9.93833390441417,4.65030606232582,-0.013250619707966,0.0045026996424351
"2020Q2",19077.992,104.42,0.173333333333333,0.193333333333333,0.374998930534358,2.57855716605721,-0.03213569,0.01562793,-0.0370873,0.0746657342414956,9.8562906983739,4.64842122798241,-0.0820432060402698,-0.00188483434341169
"2020Q3",20558.879,105.197,0.136666666666667,0.14,-0.144070500620498,2.00946516681614,-0.03064592,0.02555263,-0.0431591,0.0511936974324271,9.93104819473635,4.65583478278672,0.074757496362448,0.00741355480431682
"2020Q4",20791.917,105.669,0.116666666666667,0.153333333333333,-0.386380670248666,1.69815762912551,0.00716268,-0.00800977,0.0088614,0.0497109884320582,9.94231958439339,4.66031156698429,0.0112713896570433,0.00447678419757125
"2021Q1",21082.134,106.572,0.0833333333333333,0.133333333333333,-0.777567794318678,1.39090032048069,-0.01462453,0.00824356,0,0.0203215587615501,9.95618123092813,4.66882081306437,0.013861646534739,0.00850924608007286
"2021Q2",21440.929,108.087,0.06,0.173333333333333,-0.494716005603388,1.23817286008754,0.03490709,-0.01680962,0,-0.0382641085499004,9.97305694446989,4.68293645839404,0.0168757135417632,0.0141156453296736
"2021Q3",21617.828,109.369,0.0766666666666667,0.226666666666667,-0.558304698679907,1.22885492444699,-0.03184939,0.03406275,0,-0.0618695112179634,9.98127362361181,4.69472748603021,0.0082166791419187,0.0117910276361721
"2021Q4",21988.737,110.792,0.196666666666667,0.526666666666667,-0.474609373032422,1.25556014397668,-0.0297682,0.07125104,0,0.0187266811710392,9.99828564670153,4.70765456954042,0.0170120230897144,0.0129270835102036
"2022Q1",21932.71,112.453,0.963333333333333,1.44333333333333,-0.476026037400056,1.43555852583796,0.10211569,-0.01176116,0,0.0843551377149759,9.99573440878857,4.72253535657325,-0.00255123791295375,0.0148807870328316
"2022Q2",21967.045,113.795,2.2,2.72,-0.1280840503391,1.70701791669701,0.03854278,0.00599183,0,0.0423947306622067,9.99729865473942,4.73439858399588,0.00156424595085269,0.0118632274226291
"2022Q3",22125.625,115.231,3.39666666666667,3.38333333333333,-0.00209220282884808,1.77459316653036,0.11991275,-0.03400487,0,0.11075697588792,10.0044917180647,4.74693880928385,0.00719306332529257,0.0125402252879727
"2022Q4",22278.345,116.565,4.61333333333333,4.39,-0.0445085100045188,1.5949510670189,0.03154395,-0.02060689,0,0.00289227409156842,10.011370409415,4.75844905732932,0.00687869135032315,0.0115102480454654
"2023Q1",22439.607,117.916,4.76666666666667,4.34666666666667,-0.113878844321266,1.4828521103326,-0.03374465,0.01624156,0,-0.0511391379280981,10.0185828461143,4.76997250656311,0.00721243669924831,0.0115234492337928
"2023Q2",22580.499,119.069,4.94333333333333,4.26333333333333,0.186151923540493,1.51294080637802,0.0698797,0.00113226,0,0.151100302281356,10.0248419366623,4.77970315700672,0.00625909054801532,0.0097306504436121
"2023Q3",22840.989,119.768,5.39333333333333,4.91666666666667,0.043373335509263,1.33143198401295,0.03246519,0.02283084,0,0.0977412302550181,10.0363119640584,4.78555653814754,0.0114700273960917,0.00585338114081502
"2023Q4",23033.78,120.402,5.22,4.80333333333333,-0.0111180649427273,1.2573577266637,-0.07268948,0.00713421,0,-0.0154238261227453,10.0447171130849,4.79083614403244,0.00840514902646916,0.00527960588490028
"2024Q1",23082.119,121.588,4.9,4.48333333333333,-0.0792083812239237,1.08990898057625,0.02877122,-0.00741819,0,0,10.0468135274995,4.80063828045193,0.0020964144146447,0.00980213641949756
"2024Q2",23286.508,122.455,5.13666666666667,4.82333333333333,-0.102451719440711,1.03546701053838,0,0,0,0,10.0556294160422,4.80774361555759,0.00881588854273652,0.00710533510565803
"2024Q3",23478.57,123.168,4.45333333333333,4.03,-0.0544775763037296,1.07513659322691,0,0,0,0,10.0638433691913,4.81354927710134,0.00821395314904905,0.00580566154374473
"2024Q4",23586.542,123.997,4.25333333333333,4.15333333333333,-0.331538592318669,0.95832440830133,0,0,0,0,10.0684315741196,4.82025737176398,0.00458820492833034,0.00670809466264544
"2025Q1",23548.21,125,4.14333333333333,4.15,-0.176669087596143,1.00493526156077,0,0,0,0,10.0668050880632,4.8283137373023,-0.00162648605642168,0.00805636553832034
"2025Q2",23770.976,125.804,4.03333333333333,3.86333333333333,-0.1507691601002,1.08841362105608,0,0,0,0,10.0762206196712,4.83472514026323,0.0094155316079565,0.00641140296092502
"2025Q3",24026.834,126.699,3.87666666666667,3.71666666666667,-0.228624408620953,0.912343916852965,0,0,0,0,10.0869265680738,4.84181419463612,0.0107059484026042,0.00708905437289342
"2025Q4",24055.749,127.533,3.60333333333333,3.52333333333333,-0.234248508148177,0.922171934787279,0,0,0,0,10.0881292906266,4.84837515463886,0.0012027225528044,0.00656096000274164
