"","Time","Agg_gdp","Agg_pce","MP_jk","CBI_jk","MP_brw","MP_bs","lgdp","lpce","gdp_growth","inflation"
"1","1947Q1",2182.681,NA,NA,NA,NA,NA,7.68830921669201,NA,NA,NA
"2","1947Q2",2176.892,NA,NA,NA,NA,NA,7.68565345044952,NA,-0.00265576624248798,NA
"3","1947Q3",2172.432,NA,NA,NA,NA,NA,7.68360255630446,NA,-0.00205089414506343,NA
"4","1947Q4",2206.452,NA,NA,NA,NA,NA,7.69914107456408,NA,0.0155385182596204,NA
"5","1948Q1",2239.682,NA,NA,NA,NA,NA,7.71408917048549,NA,0.0149480959214117,NA
"6","1948Q2",2276.69,NA,NA,NA,NA,NA,7.73047791274611,NA,0.016388742260621,NA
"7","1948Q3",2289.77,NA,NA,NA,NA,NA,7.73620665482296,NA,0.00572874207685192,NA
"8","1948Q4",2292.364,NA,NA,NA,NA,NA,7.73733887848866,NA,0.00113222366570298,NA
"9","1949Q1",2260.807,NA,NA,NA,NA,NA,7.72347710817458,NA,-0.0138617703140795,NA
"10","1949Q2",2253.128,NA,NA,NA,NA,NA,7.72007475195648,NA,-0.00340235621810692,NA
"11","1949Q3",2276.424,NA,NA,NA,NA,NA,7.73036106963596,NA,0.010286317679487,NA
"12","1949Q4",2257.352,NA,NA,NA,NA,NA,7.72194772389508,NA,-0.00841334574088037,NA
"13","1950Q1",2346.104,NA,NA,NA,NA,NA,7.76051135900663,NA,0.0385636351115446,NA
"14","1950Q2",2417.682,NA,NA,NA,NA,NA,7.79056450887842,NA,0.0300531498717884,NA
"15","1950Q3",2511.127,NA,NA,NA,NA,NA,7.82848693533777,NA,0.0379224264593505,NA
"16","1950Q4",2559.214,NA,NA,NA,NA,NA,7.84745545907986,NA,0.018968523742096,NA
"17","1951Q1",2593.967,NA,NA,NA,NA,NA,7.86094364313009,NA,0.0134881840502228,NA
"18","1951Q2",2638.898,NA,NA,NA,NA,NA,7.87811668475219,NA,0.0171730416221001,NA
"19","1951Q3",2693.259,NA,NA,NA,NA,NA,7.89850726345627,NA,0.0203905787040837,NA
"20","1951Q4",2699.156,NA,NA,NA,NA,NA,7.90069441053258,NA,0.00218714707630863,NA
"21","1952Q1",2727.954,NA,NA,NA,NA,NA,7.9113071566511,NA,0.0106127461185173,NA
"22","1952Q2",2733.8,NA,NA,NA,NA,NA,7.91344786171855,NA,0.00214070506745667,NA
"23","1952Q3",2753.517,NA,NA,NA,NA,NA,7.92063428264389,NA,0.00718642092533806,NA
"24","1952Q4",2843.941,NA,NA,NA,NA,NA,7.95294604527897,NA,0.0323117626350777,NA
"25","1953Q1",2896.811,NA,NA,NA,NA,NA,7.97136575573779,NA,0.0184197104588186,NA
"26","1953Q2",2919.206,NA,NA,NA,NA,NA,7.97906694047776,NA,0.00770118473997083,NA
"27","1953Q3",2902.785,NA,NA,NA,NA,NA,7.97342589996607,NA,-0.00564104051168357,NA
"28","1953Q4",2858.845,NA,NA,NA,NA,NA,7.95817297609223,NA,-0.0152529238738417,NA
"29","1954Q1",2845.192,NA,NA,NA,NA,NA,7.95338583110228,NA,-0.0047871449899537,NA
"30","1954Q2",2848.305,NA,NA,NA,NA,NA,7.95447935949448,NA,0.00109352839220289,NA
"31","1954Q3",2880.482,NA,NA,NA,NA,NA,7.96571292023779,NA,0.0112335607433121,NA
"32","1954Q4",2936.852,NA,NA,NA,NA,NA,7.98509353837291,NA,0.019380618135119,NA
"33","1955Q1",3020.746,NA,NA,NA,NA,NA,8.01325909973208,NA,0.0281655613591667,NA
"34","1955Q2",3069.91,NA,NA,NA,NA,NA,8.02940352419061,NA,0.0161444244585294,NA
"35","1955Q3",3111.379,NA,NA,NA,NA,NA,8.04282131525697,NA,0.0134177910663613,NA
"36","1955Q4",3130.068,NA,NA,NA,NA,NA,8.04881000853783,NA,0.00598869328085527,NA
"37","1956Q1",3117.922,NA,NA,NA,NA,NA,8.04492203326889,NA,-0.00388797526893114,NA
"38","1956Q2",3143.694,NA,NA,NA,NA,NA,8.05315382056812,NA,0.00823178729922702,NA
"39","1956Q3",3140.874,NA,NA,NA,NA,NA,8.05225638412085,NA,-0.000897436447267808,NA
"40","1956Q4",3192.57,NA,NA,NA,NA,NA,8.06858151405629,NA,0.0163251299354368,NA
"41","1957Q1",3213.011,NA,NA,NA,NA,NA,8.07496378270166,NA,0.00638226864536584,NA
"42","1957Q2",3205.97,NA,NA,NA,NA,NA,8.07276997567094,NA,-0.00219380703071259,NA
"43","1957Q3",3237.386,NA,NA,NA,NA,NA,8.08252149303261,NA,0.00975151736166779,NA
"44","1957Q4",3203.894,NA,NA,NA,NA,NA,8.07212222399553,NA,-0.010399269037082,NA
"45","1958Q1",3120.724,NA,NA,NA,NA,NA,8.04582030516585,NA,-0.0263019188296845,NA
"46","1958Q2",3141.224,NA,NA,NA,NA,NA,8.05236781186374,NA,0.00654750669789372,NA
"47","1958Q3",3213.884,NA,NA,NA,NA,NA,8.07523545354905,NA,0.0228676416853073,NA
"48","1958Q4",3289.032,NA,NA,NA,NA,NA,8.09834857554276,NA,0.0231131219937133,NA
"49","1959Q1",3352.129,15.515,NA,NA,NA,NA,8.11735094534834,2.74180729790034,0.0190023698055786,NA
"50","1959Q2",3427.667,15.598,NA,NA,NA,NA,8.13963513380896,2.74714270090831,0.0222841884606222,0.00533540300796265
"51","1959Q3",3430.057,15.702,NA,NA,NA,NA,8.14033215809771,2.75378809277606,0.000697024288747627,0.00664539186775759
"52","1959Q4",3439.832,15.792,NA,NA,NA,NA,8.14317791196557,2.75950348269113,0.00284575386785768,0.00571538991506193
"53","1960Q1",3517.181,15.842,NA,NA,NA,NA,8.16541509546592,2.76266464104209,0.0222371835003532,0.00316115835096209
"54","1960Q2",3498.246,15.902,NA,NA,NA,NA,8.16001697900631,2.76644488747929,-0.00539811645960775,0.00378024643720387
"55","1960Q3",3515.385,15.965,NA,NA,NA,NA,8.16490432882994,2.77039882616675,0.00488734982363326,0.00395393868745364
"56","1960Q4",3470.278,16.017,NA,NA,NA,NA,8.15198998500562,2.77365065818616,-0.0129143438243222,0.00325183201941348
"57","1961Q1",3493.703,16.044,NA,NA,NA,NA,8.158717484219,2.77533494790781,0.00672749921338145,0.00168428972164758
"58","1961Q2",3553.021,16.097,NA,NA,NA,NA,8.17555350650173,2.77863291922409,0.0168360222827264,0.00329797131628595
"59","1961Q3",3621.252,16.167,NA,NA,NA,NA,8.19457510137889,2.78297212761947,0.0190215948771559,0.00433920839537683
"60","1961Q4",3692.289,16.206,NA,NA,NA,NA,8.21400186991568,2.78538154403853,0.0194267685367908,0.00240941641906423
"61","1962Q1",3758.147,16.266,NA,NA,NA,NA,8.23168129575973,2.78907703974458,0.017679425844058,0.00369549570604999
"62","1962Q2",3792.149,16.328,NA,NA,NA,NA,8.2406881558519,2.79288142550754,0.00900686009216223,0.00380438576296038
"63","1962Q3",3838.776,16.382,NA,NA,NA,NA,8.25290884477019,2.79618317109341,0.0122206889182959,0.00330174558586638
"64","1962Q4",3851.421,16.413,NA,NA,NA,NA,8.25619745009363,2.7980737037498,0.00328860532343356,0.00189053265638828
"65","1963Q1",3893.482,16.467,NA,NA,NA,NA,8.26705915191659,2.80135837823586,0.0108617018229626,0.00328467448606329
"66","1963Q2",3937.183,16.529,NA,NA,NA,NA,8.27822077195644,2.80511641393522,0.0111616200398537,0.00375803569935451
"67","1963Q3",4023.755,16.593,NA,NA,NA,NA,8.29997082523418,2.80898091968065,0.021750053277735,0.00386450574543451
"68","1963Q4",4050.147,16.673,NA,NA,NA,NA,8.30650845573819,2.81379064457832,0.00653763050400791,0.00480972489767106
"69","1964Q1",4135.553,16.744,NA,NA,NA,NA,8.32737633491249,2.8180399851437,0.0208678791743058,0.00424934056537696
"70","1964Q2",4180.592,16.793,NA,NA,NA,NA,8.33820814228493,2.82096213291287,0.0108318073724405,0.00292214776917188
"71","1964Q3",4245.918,16.84,NA,NA,NA,NA,8.35371332978279,2.82375700881418,0.01550518749786,0.00279487590130989
"72","1964Q4",4259.046,16.883,NA,NA,NA,NA,8.35680047052232,2.82630719849506,0.00308714073952565,0.00255018968087617
"73","1965Q1",4362.111,16.947,NA,NA,NA,NA,8.38071139348044,2.83009082701123,0.0239109229581267,0.00378362851617808
"74","1965Q2",4417.225,16.999,NA,NA,NA,NA,8.39326694985088,2.83315451879663,0.0125555563704385,0.00306369178539789
"75","1965Q3",4515.427,17.052,NA,NA,NA,NA,8.41525503502269,2.83626749890296,0.0219880851718077,0.00311298010633099
"76","1965Q4",4619.458,17.109,NA,NA,NA,NA,8.43803266117641,2.83960464084251,0.0227776261537151,0.00333714193954782
"77","1966Q1",4731.888,17.194,NA,NA,NA,NA,8.46207955617912,2.84456048575225,0.0240468950027122,0.00495584490974066
"78","1966Q2",4748.046,17.334,NA,NA,NA,NA,8.46548844397243,2.85266989071215,0.0034088877933165,0.00810940495990087
"79","1966Q3",4788.254,17.477,NA,NA,NA,NA,8.47392111456069,2.86088573078422,0.00843267058825603,0.00821584007207088
"80","1966Q4",4827.537,17.628,NA,NA,NA,NA,8.48209167869588,2.86948854697974,0.00817056413518635,0.00860281619551673
"81","1967Q1",4870.299,17.725,NA,NA,NA,NA,8.49091061049586,2.87497607241819,0.0088189317999845,0.00548752543845055
"82","1967Q2",4873.287,17.844,NA,NA,NA,NA,8.49152393706652,2.88166731726602,0.000613326570661599,0.00669124484782735
"83","1967Q3",4919.392,18.006,NA,NA,NA,NA,8.50094022461429,2.89070503568629,0.00941628754776325,0.00903771842026657
"84","1967Q4",4956.477,18.188,NA,NA,NA,NA,8.50845048509096,2.90076203596276,0.00751026047666947,0.010057000276479
"85","1968Q1",5057.553,18.395,NA,NA,NA,NA,8.5286380484729,2.91207888855674,0.0201875633819473,0.0113168525939735
"86","1968Q2",5142.033,18.609,NA,NA,NA,NA,8.54520380554153,2.92364533465909,0.0165657570686282,0.0115664461023526
"87","1968Q3",5181.859,18.817,NA,NA,NA,NA,8.55291915118027,2.93476071656251,0.00771534563874354,0.0111153819034171
"88","1968Q4",5202.212,19.036,NA,NA,NA,NA,8.55683919873452,2.94633192325886,0.00392004755424225,0.0115712066963569
"89","1969Q1",5283.597,19.244,NA,NA,NA,NA,8.57236239475486,2.95719932383721,0.0155231960203448,0.0108674005783431
"90","1969Q2",5299.625,19.474,NA,NA,NA,NA,8.57539134232,2.96908024255656,0.00302894756513794,0.0118809187193571
"91","1969Q3",5334.6,19.699,NA,NA,NA,NA,8.58196918435515,2.98056787303422,0.00657784203514922,0.0114876304776539
"92","1969Q4",5308.556,19.93,NA,NA,NA,NA,8.57707513751732,2.9922261342247,-0.00489404683782624,0.011658261190485
"93","1970Q1",5300.652,20.147,NA,NA,NA,NA,8.57558511084194,3.00305539393377,-0.00149002667538589,0.0108292597090687
"94","1970Q2",5308.164,20.375,NA,NA,NA,NA,8.57700129173441,3.01430865912693,0.00141618089247508,0.0112532651931545
"95","1970Q3",5357.077,20.602,NA,NA,NA,NA,8.58617376949429,3.0253881584615,0.00917247775988095,0.0110794993345751
"96","1970Q4",5299.672,20.891,NA,NA,NA,NA,8.57540021083269,3.03931844421691,-0.0107735586615991,0.0139302857554107
"97","1971Q1",5443.619,21.156,NA,NA,NA,NA,8.60219937601735,3.05192355320373,0.026799165184654,0.0126051089868211
"98","1971Q2",5473.059,21.397,NA,NA,NA,NA,8.60759297127949,3.06325072528481,0.00539359526214334,0.0113271720810801
"99","1971Q3",5518.072,21.599,NA,NA,NA,NA,8.61578380289798,3.07264701732212,0.00819083161848511,0.00939629203730297
"100","1971Q4",5531.032,21.722,NA,NA,NA,NA,8.61812969555017,3.07832557185784,0.00234589265219398,0.00567855453572763
"101","1972Q1",5632.649,21.931,NA,NA,NA,NA,8.63633512557391,3.08790116102537,0.0182054300237375,0.00957558916752399
"102","1972Q2",5760.47,22.079,NA,NA,NA,NA,8.65877434758329,3.09462693052821,0.0224392220093801,0.00672576950283732
"103","1972Q3",5814.854,22.245,NA,NA,NA,NA,8.66817095715691,3.10211726425801,0.00939660957362598,0.00749033372979957
"104","1972Q4",5912.22,22.385,NA,NA,NA,NA,8.68477667438493,3.10839109169293,0.0166057172280141,0.00627382743492388
"105","1973Q1",6058.544,22.541,NA,NA,NA,NA,8.70922478616893,3.11533587319982,0.0244481117840039,0.00694478150689415
"106","1973Q2",6124.506,22.848,NA,NA,NA,NA,8.72005337909907,3.12886358615717,0.0108285929301388,0.0135277129573508
"107","1973Q3",6092.301,23.151,NA,NA,NA,NA,8.71478112185553,3.14203797614358,-0.00527225724354174,0.0131743899864016
"108","1973Q4",6150.131,23.474,NA,NA,NA,NA,8.72422866138671,3.15589342567793,0.00944753953118393,0.0138554495343568
"109","1974Q1",6097.258,23.877,NA,NA,NA,NA,8.71559444090559,3.17291565249182,-0.00863422048112739,0.0170222268138898
"110","1974Q2",6111.751,24.47,NA,NA,NA,NA,8.71796859048768,3.19744787745458,0.00237414958209747,0.024532224962758
"111","1974Q3",6053.978,25.169,NA,NA,NA,NA,8.70847085561404,3.22561307852087,-0.00949773487363892,0.0281652010662858
"112","1974Q4",6030.464,25.784,NA,NA,NA,NA,8.70457923535122,3.24975414451314,-0.00389162026282186,0.0241410659922709
"113","1975Q1",5957.035,26.288,NA,NA,NA,NA,8.69232815305208,3.26911256129491,-0.0122510822991373,0.0193584167817753
"114","1975Q2",5999.61,26.689,NA,NA,NA,NA,8.6994497460976,3.28425149549833,0.00712159304551641,0.0151389342034212
"115","1975Q3",6102.326,27.089,NA,NA,NA,NA,8.71642528895607,3.29912774142526,0.0169755428584661,0.01487624592693
"116","1975Q4",6184.53,27.53,NA,NA,NA,NA,8.72980629164007,3.31527631915452,0.0133810026840013,0.0161485777292527
"117","1976Q1",6323.649,27.949,NA,NA,NA,NA,8.75205169394272,3.33038142078574,0.022245402302655,0.0151051016312249
"118","1976Q2",6370.025,28.284,NA,NA,NA,NA,8.75935867320529,3.34229627374199,0.00730697926256596,0.0119148529562532
"119","1976Q3",6404.895,28.727,NA,NA,NA,NA,8.76481782075384,3.35783744707259,0.0054591475485477,0.0155411733305963
"120","1976Q4",6451.177,29.177,NA,NA,NA,NA,8.77201787376241,3.37338072766538,0.00720005300857274,0.01554328059279
"121","1977Q1",6527.703,29.668,NA,NA,NA,NA,8.78381039928543,3.39006902387431,0.0117925255230151,0.016688296208931
"122","1977Q2",6654.466,30.121,NA,NA,NA,NA,8.80304348718904,3.40522260291178,0.0192330879036167,0.0151535790374644
"123","1977Q3",6774.457,30.622,NA,NA,NA,NA,8.82091449493443,3.4217187048829,0.0178710077453932,0.0164961019711276
"124","1977Q4",6774.592,31.067,NA,NA,NA,NA,8.82093442253231,3.43614616257961,1.9927597870506e-05,0.0144274576967045
"125","1978Q1",6796.26,31.552,NA,NA,NA,NA,8.82412773985872,3.45163697842022,0.00319331732641182,0.0154908158406171
"126","1978Q2",7058.92,32.096,NA,NA,NA,NA,8.86204734428125,3.46873141177952,0.0379196044225285,0.0170944333592997
"127","1978Q3",7129.915,32.647,NA,NA,NA,NA,8.87205459187865,3.48575296788679,0.0100072475974091,0.0170215561072684
"128","1978Q4",7225.75,33.233,NA,NA,NA,NA,8.88540631382151,3.50354335815911,0.0133517219428576,0.0177903902723173
"129","1979Q1",7238.727,33.687,NA,NA,NA,NA,8.8872006411908,3.51711200625851,0.00179432736928398,0.0135686480994006
"130","1979Q2",7246.454,34.427,NA,NA,NA,NA,8.88826752475034,3.53884114024013,0.00106688355953999,0.0217291339816232
"131","1979Q3",7300.281,35.063,NA,NA,NA,NA,8.89566811954633,3.55714644343079,0.00740059479598898,0.018305303190659
"132","1979Q4",7318.535,35.794,NA,NA,NA,NA,8.89816545031333,3.57778028159522,0.00249733076700487,0.0206338381644233
"133","1980Q1",7341.557,36.67,NA,NA,NA,NA,8.90130622445376,3.60195898208323,0.0031407741404319,0.0241787004880178
"134","1980Q2",7190.289,37.49,NA,NA,NA,NA,8.88048664462219,3.62407423074782,-0.0208195798315742,0.0221152486645861
"135","1980Q3",7181.743,38.325,NA,NA,NA,NA,8.87929739024156,3.64610242475788,-0.00118925438062334,0.0220281940100571
"136","1980Q4",7315.677,39.258,NA,NA,NA,NA,8.89777485872749,3.67015524511566,0.018477468485921,0.0240528203577792
"137","1981Q1",7459.022,40.129,NA,NA,NA,NA,8.91717958540785,3.69209926495513,0.0194047266803601,0.0219440198394776
"138","1981Q2",7403.745,40.888,NA,NA,NA,NA,8.9097412322575,3.71083662146598,-0.00743835315034502,0.0187373565108437
"139","1981Q3",7492.405,41.641,NA,NA,NA,NA,8.92164511976442,3.72908525882824,0.0119038875069215,0.0182486373622623
"140","1981Q4",7410.768,42.381,NA,NA,NA,NA,8.91068935664419,3.74670014859764,-0.0109557631202328,0.0176148897693964
"141","1982Q1",7295.631,43.002,NA,NA,NA,NA,8.89503095481728,3.76124662623984,-0.0156584018269079,0.0145464776422002
"142","1982Q2",7328.912,43.583,NA,NA,NA,NA,8.89958235275866,3.77466716606412,0.00455139794138049,0.0134205398242813
"143","1982Q3",7300.896,44.282,NA,NA,NA,NA,8.89575235933061,3.79057827393877,-0.0038299934280559,0.0159111078746519
"144","1982Q4",7303.817,44.899,NA,NA,NA,NA,8.89615236719642,3.80441552278527,0.000400007865810181,0.0138372488464977
"145","1983Q1",7400.066,45.488,NA,NA,NA,NA,8.90924419807141,3.81744855490864,0.0130918308749912,0.013033032123376
"146","1983Q2",7568.456,45.836,NA,NA,NA,NA,8.93174436261632,3.8250698085642,0.0225001645449137,0.00762125365555777
"147","1983Q3",7719.746,46.533,NA,NA,NA,NA,8.95153674092315,3.84016173831072,0.0197923783068283,0.0150919297465215
"148","1983Q4",7880.794,46.905,NA,NA,NA,NA,8.97218393919715,3.84812427957791,0.0206471982740037,0.00796254126719109
"149","1984Q1",8034.847,47.379,NA,NA,NA,NA,8.99154323629772,3.85817909255603,0.0193592971005696,0.0100548129781126
"150","1984Q2",8173.67,47.934,NA,NA,NA,NA,9.00867329139832,3.86982506472796,0.017130055100596,0.0116459721719329
"151","1984Q3",8252.465,48.384,NA,NA,NA,NA,9.01826722257931,3.87916918055707,0.00959393118098717,0.00934411582910766
"152","1984Q4",8320.199,48.728,NA,NA,NA,NA,9.02644145179845,3.88625381353418,0.00817422921914179,0.00708463297711592
"153","1985Q1",8400.82,49.393,NA,NA,NA,NA,9.0360845991146,3.89980871374857,0.00964314731614735,0.013554900214384
"154","1985Q2",8474.787,49.821,NA,NA,NA,NA,9.04485079918946,3.90843658189273,0.00876620007486117,0.00862786814415806
"155","1985Q3",8604.22,50.333,NA,NA,NA,NA,9.06000805956328,3.91866092560833,0.0151572603738277,0.010224343715604
"156","1985Q4",8668.188,50.694,NA,NA,NA,NA,9.06741505139198,3.92580756039876,0.00740699182869164,0.0071466347904332
"157","1986Q1",8749.127,51.241,NA,NA,NA,NA,9.07670920294559,3.93653999284122,0.00929415155361291,0.0107324324424587
"158","1986Q2",8788.524,51.592,NA,NA,NA,NA,9.08120205849066,3.94336662170808,0.00449285554507561,0.00682662886685481
"159","1986Q3",8872.601,51.947,NA,NA,NA,NA,9.09072326794417,3.95022396804331,0.00952120945350288,0.00685734633523349
"160","1986Q4",8920.193,52.37,NA,NA,NA,NA,9.09607286211128,3.9583339082914,0.00534959416711622,0.00810994024808664
"161","1987Q1",8986.367,52.701,NA,NA,NA,NA,9.10346393010482,3.96463443069936,0.00739106799354161,0.00630052240795909
"162","1987Q2",9083.256,53.213,NA,NA,NA,NA,9.11418799762557,3.97430272739859,0.0107240675207461,0.0096682966992363
"163","1987Q3",9162.024,53.69,NA,NA,NA,NA,9.12282239395865,3.98322676443448,0.0086343963330755,0.00892403703588629
"164","1987Q4",9319.332,54.235,NA,NA,NA,NA,9.1398462312912,3.99332645649218,0.0170238373325571,0.0100996920577026
"165","1988Q1",9367.502,54.759,NA,NA,NA,-0.0569142832607114,9.14500174417196,4.00294173874876,0.00515551288075322,0.00961528225657649
"166","1988Q2",9490.594,55.422,NA,NA,NA,0.161923470575974,9.15805648184748,4.01497662683853,0.0130547376755246,0.0120348880897705
"167","1988Q3",9546.206,56.061,NA,NA,NA,0.180159335307578,9.16389907705226,4.02644038360823,0.00584259520477559,0.0114637567697002
"168","1988Q4",9673.405,56.687,NA,NA,NA,0.0983172357031804,9.17713564642629,4.0375449075498,0.0132365693740351,0.0111045239415688
"169","1989Q1",9771.725,57.306,NA,NA,NA,0.0483925711072631,9.1872482903525,4.04840533028066,0.0101126439262114,0.0108604227308584
"170","1989Q2",9846.293,57.827,NA,NA,NA,-0.104448567757612,9.19485031815285,4.05745579463568,0.00760202780034724,0.00905046435502666
"171","1989Q3",9919.228,58.257,NA,NA,NA,-0.0794356169550568,9.20223037466994,4.06486425689959,0.00738005651708917,0.00740846226391056
"172","1989Q4",9938.767,58.791,NA,NA,NA,0.0509508468625566,9.2041982476909,4.07398878196503,0.00196787302096091,0.0091245250654346
"173","1990Q1",10047.386,59.468,0.00576871,-0.0330064,NA,0.0190964076760324,9.21506778015299,4.0854383527511,0.0108695324620918,0.0114495707860778
"174","1990Q2",10083.855,60.132,-0.00897895,-0.00293575,NA,-0.0052151710666298,9.21869090898983,4.09654214576559,0.00362312883683913,0.0111037930144828
"175","1990Q3",10090.569,60.74,-0.0487477,-0.02158702,NA,0.0120674213278692,9.21935650422545,4.1066024596176,0.000665595235616934,0.0100603138520157
"176","1990Q4",9998.704,61.25,-0.06805697,-0.08567678,NA,-0.0297674007162969,9.21021076357738,4.11496384942484,-0.00914574064807105,0.00836138980723344
"177","1991Q1",9951.916,61.793,-0.23301908,-0.1184763,NA,-0.191149945795711,9.20552037442887,4.12379008943986,-0.00469038914850728,0.00882624001502119
"178","1991Q2",10029.51,62.27,-0.11502881,-0.06871537,NA,-0.0935005082403253,9.21328702632293,4.13147976888436,0.00776665189406245,0.0076896794445025
"179","1991Q3",10080.195,62.83,-0.06445359,-0.0105001,NA,0.0313460213502429,9.21832788667634,4.14043266641486,0.00504086035340556,0.00895289753049511
"180","1991Q4",10115.329,63.325,-0.22310608,-0.17286085,NA,-0.232870144923637,9.22180727502445,4.14828019588774,0.0034793883481079,0.00784752947288325
"181","1992Q1",10236.435,63.809,0.00014434,0.00442745,NA,0.0331753962966759,9.23370869344587,4.15589424623262,0.0119014184214254,0.00761405034487783
"182","1992Q2",10347.429,64.26,-0.15658889,-0.08996468,NA,-0.153053588465918,9.24449336203858,4.16293735368771,0.0107846685927111,0.00704310745509584
"183","1992Q3",10449.673,64.64,-0.04994121,-0.02133273,NA,0.0640587606065081,9.25432596503733,4.16883341421284,0.00983260299874544,0.00589606052512792
"184","1992Q4",10558.648,65.114,-0.00328656,-0.01282984,NA,0.0663863538700335,9.26470051876064,4.17613957985722,0.0103745537233149,0.00730616564437803
"185","1993Q1",10576.275,65.563,0.0084842,-0.00756831,NA,-0.00250581442574879,9.2663685640227,4.18301151243821,0.00166804526206121,0.00687193258098961
"186","1993Q2",10637.847,66.061,-0.0217487,-0.00208021,NA,-0.0162925108820293,9.27217339279613,4.19057855760163,0.00580482877342448,0.00756704516341866
"187","1993Q3",10688.606,66.43,-0.01133087,0.01937601,NA,-0.0263796904540165,9.27693359327089,4.19614876167715,0.00476020047476133,0.00557020407552322
"188","1993Q4",10833.987,66.772,-0.01442421,-0.00680664,NA,-0.00763608870096403,9.29044341629097,4.20128383099314,0.0135098230200761,0.00513506931599217
"189","1994Q1",10939.116,67.075,0.07164131,0.03084233,0.0805353,0.0726441944157916,9.30010026832355,4.20581139631169,0.00965685203258815,0.00452756531854615
"190","1994Q2",11087.361,67.526,0.06703678,0.04821876,-0.0110494,0.0310012593741546,9.31356108989889,4.2125127088989,0.013460821575336,0.00670131258721174
"191","1994Q3",11152.176,67.903,0.00315361,-0.01373281,-0.0245535,-0.0664115188130786,9.3193899147983,4.21808021621013,0.00582882489940673,0.00556750731122957
"192","1994Q4",11279.932,68.248,0.02785508,-0.01283862,-0.0026363,0.00727239467343633,9.33078049666508,4.22314812960639,0.0113905818667881,0.00506791339626389
"193","1995Q1",11319.951,68.606,0.06021145,0.01177477,0.041898,0.0133235332286307,9.3343220231259,4.22837999446398,0.00354152646081296,0.00523186485758398
"194","1995Q2",11353.721,69.013,-0.0023723,-0.00732727,-0.0282294,-0.0351157358476419,9.33730081059099,4.23429489264822,0.00297878746508928,0.00591489818424051
"195","1995Q3",11450.31,69.342,-0.06621919,-0.07151484,-0.0441281,-0.134401366232515,9.34577208285169,4.23905078322136,0.00847127226070654,0.00475589057314174
"196","1995Q4",11528.067,69.69,-0.02613597,-0.0029544,0.0067158,-0.0093165781507482,9.35253994959862,4.24405683545043,0.0067678667469302,0.00500605222906803
"197","1996Q1",11614.418,69.964,-0.02594331,-0.00047647,-0.0507058,-0.0226553523300889,9.36000253632962,4.24798082404482,0.00746258673100009,0.00392398859438892
"198","1996Q2",11808.14,70.296,0.02007543,-0.00274063,0.0005275,0.014739736425337,9.37654440313853,4.25271489819354,0.0165418668089075,0.0047340741487254
"199","1996Q3",11914.063,70.617,-0.07439785,-0.07066832,-0.0457336,-0.0931380366205362,9.38547474607124,4.2572709087143,0.00893034293271278,0.0045560105207576
"200","1996Q4",12037.775,71.019,-0.02139034,0.00153811,0.0085001,-0.0383260478350103,9.39580490112061,4.26294744687512,0.0103301550493686,0.00567653816081837
"201","1997Q1",12115.472,71.298,0.07685077,-0.01276458,0.0337731,0.0369818015890818,9.40223859245869,4.26686827653594,0.00643369133807603,0.00392082966082619
"202","1997Q2",12317.221,71.67,-0.06702887,-0.00981188,-0.0327223,-0.0703228012436284,9.41875364346136,4.27207225000583,0.0165150510026741,0.0052039734698841
"203","1997Q3",12471.01,71.837,0.01487675,-0.03070687,0.0095523,-0.0132710377759911,9.43116202978074,4.27439966365651,0.0124083863193789,0.00232741365068634
"204","1997Q4",12577.495,72.065,0.00616721,-0.04536497,-0.017599,-0.0352646167262254,9.43966438483011,4.27756848953507,0.00850235504937125,0.00316882587855183
"205","1998Q1",12703.742,72.277,0.03063674,-0.00807923,-0.0338766,0.0214568909170874,9.44965187471646,4.28050595960533,0.00998748988635079,0.00293747007026202
"206","1998Q2",12821.339,72.498,-0.00265142,-0.01797292,-0.0120305,-0.00787969907357016,9.45886617119839,4.28355897527323,0.00921429648192174,0.00305301566789762
"207","1998Q3",12982.752,72.756,0.04932074,-0.02424684,0.0183616,0.104934828082897,9.47137698627532,4.28711137687759,0.0125108150769364,0.00355240160436843
"208","1998Q4",13191.67,72.988,-0.27610305,0.03272698,-0.0392939,-0.23342490453322,9.48734084876585,4.29029504407429,0.0159638624905245,0.00318366719669427
"209","1999Q1",13315.597,73.171,-0.00793684,-0.00772747,0.0179763,-0.0276900038431766,9.49669133389329,4.29279916760588,0.00935048512744707,0.00250412353159479
"210","1999Q2",13426.748,73.425,-0.01402318,0.01149215,-0.0034115,-0.00363016031313941,9.50500411574286,4.29626447708468,0.00831278184957007,0.00346530947880019
"211","1999Q3",13604.771,73.695,-0.03137062,0.03869808,-0.0209921,-0.0188525288689854,9.51817581902865,4.29993495428872,0.0131717032857814,0.00367047720403768
"212","1999Q4",13827.98,74.042,0.12486851,0.04794755,0.0085573,0.138098968211722,9.53444935469971,4.30463249976618,0.0162735356710666,0.00469754547746248
"213","2000Q1",13878.147,74.43,0.01539727,-0.02897393,0.0866009,-0.0287234074804765,9.53807072370776,4.30985908637182,0.00362136900805154,0.00522658660563557
"214","2000Q2",14130.908,74.689,0.03423575,-0.00996985,0.0072735,0.00444046128734768,9.55611973405274,4.31333282560616,0.0180490103449795,0.00347373923434446
"215","2000Q3",14145.312,75.05,0.03333993,0.01446751,-0.0210846,0.00108663641179043,9.55713854075646,4.31815455807947,0.00101880670371735,0.00482173247330753
"216","2000Q4",14229.765,75.421,0.12013254,-0.05355767,0.0165383,0.105480196158854,9.56309117654135,4.32308575082478,0.00595263578489025,0.0049311927453104
"217","2001Q1",14183.12,75.912,-0.33162996,0.06966019,-0.067045,-0.105575369827128,9.55980780409221,4.32957477467146,-0.00328337244914323,0.00648902384667593
"218","2001Q2",14271.694,76.199,-0.41291448,-0.1558,0.0714071,-0.155431476086094,9.56603341400698,4.33334833924691,0.00622560991477172,0.00377356457545108
"219","2001Q3",14214.516,76.395,-0.00404332,-0.08606239,-0.0234165,0.0115383948054687,9.56201897496516,4.33591724900468,-0.00401443904181775,0.0025689097577688
"220","2001Q4",14253.574,76.764,-0.1880485,-0.12229368,-0.0919641,-0.0518269340718651,9.56476296126752,4.340735780256,0.00274398630235773,0.00481853125132314
"221","2002Q1",14372.785,77,-3.2260000000001e-05,-0.04456551,-0.0133467,0.00863778410484321,9.57309176683641,4.34380542185368,0.0083288055688957,0.00306964159768341
"222","2002Q2",14460.848,77.423,0.03249687,-0.05996678,-0.1119877,0.0280447439375279,9.57920013852988,4.34928389407584,0.00610837169347,0.00547847222215481
"223","2002Q3",14519.633,77.836,0.03804965,-0.15303679,-0.001552,-0.0642948056373595,9.58325701257726,4.35460404909591,0.00405687404737876,0.00532015502007077
"224","2002Q4",14537.58,78.113,0.00688305,-0.09192306,0.0367358,-0.0436647778326379,9.58449229982124,4.35815649625888,0.00123528724397381,0.00355244716296799
"225","2003Q1",14614.141,78.354,0.04140728,0.00904796,0.0444895,0.0767170436578552,9.58974490058709,4.36123702046633,0.00525260076584999,0.00308052420744787
"226","2003Q2",14743.567,78.651,0.03048703,0.02153046,-0.0355103,0.053167299954158,9.59856213103996,4.36502034398163,0.00881723045286797,0.00378332351530108
"227","2003Q3",14988.782,79.011,-0.02032692,-0.01756023,-0.0553774,-0.000343711130422829,9.6150573336259,4.36958708328029,0.0164952025859435,0.00456673929866458
"228","2003Q4",15162.76,79.365,-0.01895616,-0.03431198,-0.0376634,-0.0864988015916127,9.6265977006733,4.3740574650242,0.0115403670474024,0.00447038174391334
"229","2004Q1",15248.68,79.802,0.09112331,-0.02373886,0.0474566,0.0307155033373631,9.6322482209122,4.37954856679834,0.00565052023890189,0.00549110177413681
"230","2004Q2",15366.85,80.258,-0.04803714,0.02678898,-0.053387,-0.0153645276388443,9.63996787083114,4.38524644551508,0.00771964991894158,0.0056978787167381
"231","2004Q3",15512.619,80.545,0.03390741,0.00161316,0.0903368,0.033237312866754,9.64940910071632,4.38881603444993,0.00944122988517115,0.00356958893484904
"232","2004Q4",15670.88,80.982,-0.03226005,-0.01067653,0.0156675,-0.0890254175339591,9.65955949203745,4.3942269077552,0.0101503913211332,0.00541087330527112
"233","2005Q1",15844.727,81.558,0.04577809,0.00789838,0.0871194,0.0307341314305287,9.67059204256669,4.40131442358117,0.0110325505292366,0.00708751582596623
"234","2005Q2",15922.782,81.962,0.01401602,0.0385898,0.0342488,0.0512840342291144,9.67550619287531,4.40625572522036,0.00491415030862363,0.00494130163919415
"235","2005Q3",16047.587,82.281,-0.00136855,0.00621591,0.0509846,-0.0368653277215554,9.68331377457644,4.41014021833268,0.00780758170113138,0.00388449311232097
"236","2005Q4",16136.734,82.831,-0.05443549,0.03378409,-0.0144977,-0.0445210903355579,9.68885356694852,4.41680238745773,0.00553979237207614,0.00666216912505391
"237","2006Q1",16353.835,83.311,0.08815005,-0.01228723,0.0413996,0.0560996235457875,9.70221770539623,4.42258059327572,0.013364138447713,0.00577820581798427
"238","2006Q2",16396.151,83.975,-0.01670169,0.02451128,-0.0039032,0.00570770530086821,9.70480189114513,4.43051913549836,0.00258418574889951,0.00793854222263679
"239","2006Q3",16420.738,84.427,0.01907789,-0.04180002,-0.0182907,0.00105635171513591,9.70630032718521,4.43588725565642,0.00149843604008026,0.00536812015806287
"240","2006Q4",16561.866,84.791,-0.03238482,-0.01034233,-0.0348747,-0.0523854925942747,9.71485810275063,4.44018940508998,0.00855777556541604,0.00430214943355978
"241","2007Q1",16611.69,85.375,-0.12246763,0.03105967,-0.0539016,-0.0570307280154671,9.71786194336776,4.44705331789095,0.0030038406171311,0.00686391280097531
"242","2007Q2",16713.314,85.731,0.04846044,0.00017755,0.0471818,0.0604707694049187,9.72396092628244,4.4512144871508,0.00609898291468092,0.00416116925985044
"243","2007Q3",16809.587,86.152,-0.1285137,-0.12065838,-0.0366149,-0.128872070192266,9.72970465739174,4.45611317802658,0.00574373110930715,0.0048986908757751
"244","2007Q4",16915.191,86.747,0.17474464,-0.08346636,-0.0149734,0.220265911569673,9.73596737290394,4.46299583609643,0.00626271551219482,0.00688265806984845
"245","2008Q1",16843.003,87.207,0.04887894,0.10537676,0.1037194,-0.00300285866365174,9.73169059731391,4.46828460292241,-0.00427677559003214,0.00528876682597978
"246","2008Q2",16943.291,87.573,-0.07816466,-0.05488018,-0.005777,-0.100881621574706,9.73762722324522,4.47247273125497,0.00593662593131583,0.00418812833256244
"247","2008Q3",16854.295,88.02,0.06405844,0.00548945,0.086244,0.204248101273566,9.73236079944244,4.47756406138295,-0.00526642380278375,0.00509133012797491
"248","2008Q4",16485.35,87.951,-0.36130226,0.0212231,-0.1320096,-0.000219994568368048,9.71022738670295,4.47677984121557,-0.0221334127394854,-0.000784220167370897
"249","2009Q1",16298.262,87.95,-0.13093316,0.05961154,-0.2381289,0.0251204565874506,9.69881375534305,4.47676847118357,-0.0114136313599023,-1.13700320065746e-05
"250","2009Q2",16269.145,88.294,0.03103242,0.02425702,0.0024907,0.113604576732303,9.69702564812542,4.48067215513132,-0.00178810721762801,0.00390368394775376
"251","2009Q3",16326.281,88.607,-0.06669306,-0.03543143,-0.1268866,-0.0713341316497569,9.70053141967256,4.48421086126217,0.0035057715471396,0.00353870613085228
"252","2009Q4",16502.754,89.159,-0.0136524,-0.00961886,-0.0549325,0.00173064858624896,9.71128255505181,4.49042129266294,0.0107511353792447,0.0062104314007625
"253","2010Q1",16582.71,89.464,-0.02120033,0.01305628,0.043776,0.0503763309077912,9.71611586527249,4.49383630972589,0.00483331022067901,0.00341501706295144
"254","2010Q2",16743.162,89.705,-0.0318658,0.02892105,-0.0046888,0.0264029667568713,9.7257452150951,4.49652650887135,0.00962934982260855,0.00269019914546043
"255","2010Q3",16872.266,89.843,-0.08715079,0.06356012,-0.0469885,-0.0337700595798041,9.7334264878001,4.49806370257079,0.00768127270500329,0.00153719369944572
"256","2010Q4",16960.864,90.127,0.01377835,-0.02030912,-0.205827,-0.0494609434697902,9.73866385144455,4.50121978675972,0.00523736364445071,0.00315608418892577
"257","2011Q1",16920.632,90.523,-0.01202445,0.01085192,-0.0022491,-0.0185217497032648,9.7362889847085,4.50560396206326,-0.0023748667360497,0.00438417530354407
"258","2011Q2",17035.114,91.052,-0.02013354,0.01318271,-0.0455168,-0.0160647475229873,9.74303202217717,4.51143077188514,0.00674303746866656,0.00582680982187878
"259","2011Q3",17031.313,91.468,0.10191073,-0.07396538,0.1483623,0.0514370011752498,9.74280886992138,4.51598918433685,-0.000223152255784953,0.00455841245170596
"260","2011Q4",17222.583,91.794,0.06576784,-0.04678067,0.0166823,0.0525877069137296,9.75397676673285,4.5195469360133,0.0111678968114646,0.00355775167644889
"261","2012Q1",17367.01,92.373,-0.02424017,0.01427353,-0.084731,-0.0551053123176687,9.76232770855164,4.52583472815442,0.00835094181879015,0.00628779214111841
"262","2012Q2",17444.525,92.755,0.01075777,0.00556149,0.0077923,0.0238766319985892,9.76678112481796,4.52996160839034,0.00445341626632256,0.00412688023592089
"263","2012Q3",17469.65,93.023,-0.01201765,0.04053299,-0.0659478,-0.0176336388096417,9.76822036858282,4.53284677440468,0.00143924376486204,0.00288516601434718
"264","2012Q4",17489.852,93.435,-0.02497113,0.02140619,-0.0742044,-0.0297864083900834,9.76937610599857,4.53726600737422,0.00115573741575048,0.00441923296953473
"265","2013Q1",17662.4,93.8,-0.00267426,0.00112744,-0.0561301,-0.039723342786494,9.77919336526409,4.54116485601218,0.00981725926551569,0.00389884863796031
"266","2013Q2",17709.671,94.064,-0.00160354,0.00748907,0.0833483,-0.0184536549299876,9.78186615352922,4.5439754016599,0.00267278826513717,0.0028105456477201
"267","2013Q3",17860.45,94.434,-0.06733114,0.04802547,-0.0256099,-0.0203799261181134,9.79034405008172,4.54790117779752,0.0084778965524972,0.00392577613761969
"268","2013Q4",18016.147,94.841,-0.025765,0.02932994,-0.0136316,-0.0482818506706843,9.79902369031998,4.55220180521585,0.00867964023826318,0.00430062741832771
"269","2014Q1",17953.974,95.141,0.04564208,-0.02625174,0.1090814,0.000849843207924491,9.79556676217032,4.55536000177505,-0.00345692814966014,0.0031581965592018
"270","2014Q2",18185.911,95.556,-0.01580592,0.02386343,-0.0265127,0.00110761099534086,9.80840245239947,4.55971246306331,0.0128356902291493,0.00435246128825995
"271","2014Q3",18406.941,95.915,-0.03424565,0.0421241,-0.0115136,0.0461054126088735,9.82048310072526,4.5634623825883,0.0120806483257816,0.00374991952499304
"272","2014Q4",18500.031,96.175,-0.0403816,0.01252862,0.0932585,0.0481651548363787,9.82552768674069,4.56616944863836,0.00504458601543334,0.00270706605005788
"273","2015Q1",18666.621,96.336,-0.10407779,0.03467802,-0.0122819,0.00390595060324477,9.83449223461761,4.56784208072209,0.00896454787692491,0.00167263208373303
"274","2015Q2",18782.243,96.765,-0.04607986,0.00422455,-0.1136135,-0.0306485297125714,9.84066718120015,4.57228535865231,0.00617494658253648,0.00444327793022303
"275","2015Q3",18857.418,97.077,-0.05560138,-0.02381693,-0.0494504,0.0101887576971197,9.84466164331584,4.57550447803234,0.00399446211569021,0.00321911938002017
"276","2015Q4",18892.206,97.319,0.05967781,0.00452371,0.0837985,0.1181570038238,9.84650473504295,4.57799424248234,0.00184309172710506,0.00248976445000526
"277","2016Q1",19001.69,97.726,-0.05050527,-0.06220132,-0.0902023,-0.0597177837328033,9.85228320156142,4.58216764442278,0.00577846651847125,0.00417340194043536
"278","2016Q2",19062.709,98.262,-0.02788568,-0.00421795,-0.0302078,-0.0464320638325826,9.85548929722409,4.58763738069579,0.00320609566267294,0.0054697362730094
"279","2016Q3",19197.938,98.689,-0.04495998,0.0148238,0.0351239,-0.00319711591501499,9.86255815641519,4.5919734913937,0.00706885919110434,0.00433611069791517
"280","2016Q4",19304.352,99.029,0.030848,0.00959213,0.0659916,0.0466417360173683,9.8680858417014,4.59541273653211,0.00552768528621073,0.00343924513841021
"281","2017Q1",19398.343,99.488,-0.05994024,-0.00751145,-0.0209868,-0.0474192470244432,9.87294292903244,4.60003703387634,0.00485708733103607,0.00462429734423253
"282","2017Q2",19506.949,99.821,0.01659427,0.01635653,0.0698359,0.083062003267516,9.87852604004542,4.60337858202374,0.00558311101297804,0.0033415481473984
"283","2017Q3",19660.766,100.123,0.02180796,0.00700218,0.0034169,0.0521256017813151,9.88638035530227,4.60639943015781,0.00785431525684821,0.00302084813406722
"284","2017Q4",19882.352,100.568,-0.01155914,0.00753685,0.0165219,0.0263402102889981,9.89758778307166,4.61083411561253,0.0112074277693939,0.00443468545472125
"285","2018Q1",20044.077,101.208,-0.01264314,0.01625278,0.0314446,0.0149636751120586,9.90568897762083,4.61717780511237,0.00810119454916958,0.00634368949983877
"286","2018Q2",20150.476,101.751,0.00591946,0.00680305,-0.0080275,0.0568096941137163,9.9109831899246,4.62252865228424,0.00529421230376848,0.00535084717186951
"287","2018Q3",20276.154,102.076,-0.01560038,0.01368471,-0.0082092,0.0322535592476727,9.91720079474982,4.62571763387575,0.00621760482522582,0.0031889815915136
"288","2018Q4",20304.874,102.552,0.0637647,-0.03640408,0.0581156,0.104570077740955,9.91861623473301,4.63036998700983,0.00141543998318383,0.00465235313408208
"289","2019Q1",20431.641,102.964,-0.10455204,0.04683191,-0.076745,0.00825036335912055,9.92484000764028,4.63437941257208,0.00622377290726739,0.00400942556224404
"290","2019Q2",20602.275,103.399,-0.08390396,-0.03157099,-0.0104502,-0.0599366592531959,9.93315678557317,4.63859529084768,0.00831677793289565,0.00421587827560099
"291","2019Q3",20843.322,103.783,0.06997361,0.00952623,0.0945553,0.0795531046428291,9.94478888815408,4.6423021808257,0.0116321025809096,0.0037068899780186
"292","2019Q4",20985.448,104.147,-0.02657577,0.03456239,0.021894,0.0812772788608778,9.95158452412213,4.64580336268338,0.00679563596805366,0.00350118185768533
"293","2020Q1",20709.212,104.617,0.00277641,0.00612034,0.0027958,-0.346620219802514,9.93833390441417,4.65030606232582,-0.013250619707966,0.0045026996424351
"294","2020Q2",19077.992,104.42,-0.03213569,0.01562793,-0.0370873,0.0746657342414956,9.8562906983739,4.64842122798241,-0.0820432060402698,-0.00188483434341169
"295","2020Q3",20558.879,105.197,-0.03064592,0.02555263,-0.0431591,0.0511936974324271,9.93104819473635,4.65583478278672,0.074757496362448,0.00741355480431682
"296","2020Q4",20791.917,105.669,0.00716268,-0.00800977,0.0088614,0.0497109884320582,9.94231958439339,4.66031156698429,0.0112713896570433,0.00447678419757125
"297","2021Q1",21082.134,106.572,-0.01462453,0.00824356,NA,0.0203215587615501,9.95618123092813,4.66882081306437,0.013861646534739,0.00850924608007286
"298","2021Q2",21440.929,108.087,0.03490709,-0.01680962,NA,-0.0382641085499004,9.97305694446989,4.68293645839404,0.0168757135417632,0.0141156453296736
"299","2021Q3",21617.828,109.369,-0.03184939,0.03406275,NA,-0.0618695112179634,9.98127362361181,4.69472748603021,0.0082166791419187,0.0117910276361721
"300","2021Q4",21988.737,110.792,-0.0297682,0.07125104,NA,0.0187266811710392,9.99828564670153,4.70765456954042,0.0170120230897144,0.0129270835102036
"301","2022Q1",21932.71,112.453,0.10211569,-0.01176116,NA,0.0843551377149759,9.99573440878857,4.72253535657325,-0.00255123791295375,0.0148807870328316
"302","2022Q2",21967.045,113.795,0.03854278,0.00599183,NA,0.0423947306622067,9.99729865473942,4.73439858399588,0.00156424595085269,0.0118632274226291
"303","2022Q3",22125.625,115.231,0.11991275,-0.03400487,NA,0.11075697588792,10.0044917180647,4.74693880928385,0.00719306332529257,0.0125402252879727
"304","2022Q4",22278.345,116.565,0.03154395,-0.02060689,NA,0.00289227409156842,10.011370409415,4.75844905732932,0.00687869135032315,0.0115102480454654
"305","2023Q1",22439.607,117.916,-0.03374465,0.01624156,NA,-0.0511391379280981,10.0185828461143,4.76997250656311,0.00721243669924831,0.0115234492337928
"306","2023Q2",22580.499,119.069,0.0698797,0.00113226,NA,0.151100302281356,10.0248419366623,4.77970315700672,0.00625909054801532,0.0097306504436121
"307","2023Q3",22840.989,119.768,0.03246519,0.02283084,NA,0.0977412302550181,10.0363119640584,4.78555653814754,0.0114700273960917,0.00585338114081502
"308","2023Q4",23033.78,120.402,-0.07268948,0.00713421,NA,-0.0154238261227453,10.0447171130849,4.79083614403244,0.00840514902646916,0.00527960588490028
"309","2024Q1",23082.119,121.588,0.02877122,-0.00741819,NA,NA,10.0468135274995,4.80063828045193,0.0020964144146447,0.00980213641949756
"310","2024Q2",23286.508,122.455,NA,NA,NA,NA,10.0556294160422,4.80774361555759,0.00881588854273652,0.00710533510565803
"311","2024Q3",23478.57,123.168,NA,NA,NA,NA,10.0638433691913,4.81354927710134,0.00821395314904905,0.00580566154374473
"312","2024Q4",23586.542,123.997,NA,NA,NA,NA,10.0684315741196,4.82025737176398,0.00458820492833034,0.00670809466264544
"313","2025Q1",23548.21,125,NA,NA,NA,NA,10.0668050880632,4.8283137373023,-0.00162648605642168,0.00805636553832034
"314","2025Q2",23770.976,125.804,NA,NA,NA,NA,10.0762206196712,4.83472514026323,0.0094155316079565,0.00641140296092502
"315","2025Q3",24026.834,126.699,NA,NA,NA,NA,10.0869265680738,4.84181419463612,0.0107059484026042,0.00708905437289342
"316","2025Q4",24055.749,127.533,NA,NA,NA,NA,10.0881292906266,4.84837515463886,0.0012027225528044,0.00656096000274164
